:020000040800F2
:10000000686F0020AD02000879BE0008A541000815
:1000100049530008F518000845DC000800000000FE
:100020000000000000000000000000003DC50008C6
:10003000F929000800000000FDC10008A5CD000856
:10004000C7020008C7020008C7020008C70200086C
:10005000C7020008C7020008C7020008C70200085C
:10006000C7020008C7020008C7020008C70200084C
:10007000C7020008C7020008C7020008C70200083C
:10008000C7020008C7020008C7020008C70200082C
:10009000C7020008C7020008C7020008C70200081C
:1000A000C7020008C7020008C7020008C70200080C
:1000B00069CE0008D5D1000805D20008C7020008A3
:1000C000C7020008C7020008C7020008C7020008EC
:1000D000C7020008C7020008C7020008C7020008DC
:1000E000C7020008C7020008C7020008C7020008CC
:1000F000C7020008C7020008C7020008C7020008BC
:10010000C7020008C702000891D50008C70200080E
:10011000C7020008C7020008C7020008C70200089B
:1001200005270008C7020008C7020008C702000828
:10013000C7020008C7020008C7020008C70200087B
:10014000C7020008C7020008C7020008C70200086B
:10015000C7020008C7020008C7020008C70200085B
:10016000C7020008C7020008C7020008C70200084B
:10017000C7020008C7020008C7020008000000000C
:10018000C7020008C702000800F002F800F07FF87C
:100190000AA090E8000C82448344AAF10107DA45E2
:1001A00001D100F074F8AFF2090EBAE80F0013F0B5
:1001B000010F18BFFB1A43F0010318470832010072
:1001C000283201000A4410F8013B13F0030408BF71
:1001D00010F8014B1D1108BF10F8015B641E05D01B
:1001E00010F8016B641E01F8016BF9D1002D15D0D8
:1001F00010F8014B03F00C030C2BA1EB04040ABF15
:1002000010F8013BA4EB8314A4EB032405F10103D4
:1002100014F8016B5B1E01F8016BF9D5914238BFF0
:1002200010F8013BD1D3704700230024002500269D
:10023000103A28BF78C1FBD8520728BF30C148BF49
:100240000B607047662910F01A86642900F02C8133
:10025000752900F02981632900F00D86732900F0CB
:100260001286002070471FB510F0F7FD00F054FE15
:1002700004000020002110F0A1F8401C6060002064
:10028000002110F085F8E0601FBD10B510BD00F032
:100290008FFF1146FFF7E7FF0DF0D2FE00F0BBFF26
:1002A00003B4FFF7F2FF03BC00F0BEFF094880472C
:1002B00009480047FEE7FEE7FEE7FEE7FEE7FEE748
:1002C000FEE7FEE7FEE7FEE704480549054A064B60
:1002D0007047000055CE00088901000868690020B9
:1002E000686F0020686B0020686B002053EA020CE6
:1002F00000F069802DE9F04B4FF00006002B1FBF86
:10030000B3FA83F503FA05F424FA05F65E4012BF4A
:100310001643B2FA82F502FA05F4C5F120051EBFB4
:1003200022FA05FC44EA0C04203556EA044C4FEA54
:10033000144418BF641C4FF000084FF000099042AD
:1003400071EB030C39D3002919BFB1FA81F701FA17
:1003500007F6B0FA80F700FA07F6C7F120071EBFCC
:1003600020FA07FC46EA0C062037B6FBF4FCA7EBA4
:100370000507103F07F01F0BCBF120062CFA06F6FD
:100380000CFA0BFB44BFB3460026202FA4BF5E46E9
:100390004FF0000B5BEA060C08BF4FF0010B19EBA6
:1003A0000B0948EB0608ABFB027C06FB02CC0BFBFF
:1003B00003CCC01B71EB0C01C1E70B460246414662
:1003C0004846BDE8F08B13B5084318BF4FF0FF3027
:1003D0000146AFF30080BDE81C4070470FB41CB568
:1003E000084B06AA7B4469460090059800F021FD61
:1003F00004460020694600F02FFD20461CBC5DF835
:1004000014FB0000710A000070B50446856900689D
:10041000C10601D5302600E02026C00707D070BDF8
:10042000D4E9012130469047206A401C20626D1EAD
:10043000F6D570BD70B5044685690078C00707D150
:1004400070BDD4E9012120209047206A401C206221
:100450006D1EF6D570BD70B50C460546012A05D057
:100460002878800600D5EA69002302E0012305E030
:100470005B1C934202D2E05C0028F9D1A869E6181F
:10048000C01AA861286A184428622846FFF7BCFFF2
:1004900004E0D5E9012114F8010B9047B442F8D3E8
:1004A0002846FFF7C7FF70BD2DE9F041064600243E
:1004B00010687529314616A510D0AFF300800028CA
:1004C00002DA404213A507E031688A0701D512A578
:1004D00002E0490704D511A5012401E0AFF3008033
:1004E00000210A2206F1240709E0B0FBF2FCB0FB70
:1004F000F2F302FB1C00303078541846491C0028E7
:10050000F3D123462A463046BDE8F04100F025BA33
:10051000000000002D0000002B0000002000000063
:100520002DE9F05F894604464FF0000ADFF824B158
:10053000FB44C0F820A02046E168884700287DD011
:10054000252806D0D4E901219047206A401C20626A
:10055000F1E700255F462046E168884720280646E7
:1005600007DB312E05D2B81910F8200C08B105436D
:10057000F1E7A80701D525F00405C4F81CA0002761
:10058000C4F818A02A2E09D030460FF0FAFE38B36E
:1005900004EB8708303EC8F8186019E059F8041BCE
:1005A000204604EB87029161E1688847012F0646E7
:1005B00018D1E069002820DA25F020051DE0D8F8E0
:1005C000180000EB800006EB40003038C8F8180037
:1005D0002046E168884706460FF0D3FE0028EED19A
:1005E000012F0AD02E2E08D12046E16888477F1CB3
:1005F0000646022F45F02005C4DBA069002803DA77
:10060000404245F00105A061E80701D025F0100542
:10061000A6B1A6F14100192802D8203645F400659C
:100620004A463146204625604D46FFF70BFE60B135
:10063000012807D0ED1D25F0070000E007E000F1DC
:10064000080978E705F1040975E730467AE7206A7A
:10065000BDE8F09F4E09010070B5064600F06EF946
:100660000468054630460A22002100F010FC2C6088
:1006700070BD30B505460B462A4613F8014B12F8FB
:10068000010B08B1A042F8D01CB1002802D06D1CAB
:10069000F1E7284630BD40EA0103024630B59B072A
:1006A00010D14FF0013400E008C208C91D1B9D4362
:1006B00015EAC41FF8D013F0FF0102F8011B0DD09A
:1006C0001B0AF8E711F8013B002B02F8013B05D0AB
:1006D00011F8013B002B02F8013BF3D130BD10B5FE
:1006E000431C02E010F8011B71B18107FAD14FF0F1
:1006F000013202C88C1A8C4314EAC211F9D0C01A14
:100700000A0603D0C01E10BDC01A10BD0A0401D0D5
:10071000801E10BD0902FCD0401E10BD421E12F802
:10072000013F002BFBD111F8013B002B02F8013BEC
:10073000F9D17047032A40F2308010F0030C00F02A
:10074000158011F8013BBCF1020F624498BF11F80B
:1007500001CB00F8013B38BF11F8013BA2F10402C4
:1007600098BF00F801CB38BF00F8013B11F003033C
:1007700000F02580083AC0F0088051F8043B083AA0
:1007800051F804CBA0E80810F5E7121D5CBF51F842
:10079000043B40F8043BAFF30080D20724BF11F8BC
:1007A000013B11F801CB48BF11F8012B24BF00F821
:1007B000013B00F801CB48BF00F8012B704710B592
:1007C000203AC0F00B80B1E81850A0E81850B1E80A
:1007D0001850A0E81850203ABFF4F5AF5FEA027C49
:1007E00024BFB1E81850A0E8185044BF18C918C079
:1007F000BDE810405FEA827C24BF51F8043B40F81A
:10080000043B08BF7047D20728BF31F8023B48BFFE
:1008100011F8012B28BF20F8023B48BF00F8012B3C
:1008200070474FF000020429C0F0128010F0030C52
:1008300000F01B80CCF1040CBCF1020F18BF00F8D3
:10084000012BA8BF20F8022BA1EB0C0100F00DB882
:100850005FEAC17C24BF00F8012B00F8012B48BFE0
:1008600000F8012B70474FF0000200B51346944684
:100870009646203922BFA0E80C50A0E80C50B1F1F8
:100880002001BFF4F7AF090728BFA0E80C5048BF0C
:100890000CC05DF804EB890028BF40F8042B08BFAA
:1008A000704748BF20F8022B11F0804F18BF00F8A6
:1008B000012B70470000000030B44FF0013C50F8AD
:1008C000042B51F8043BCCFA52F4D51A20D1FCB9D0
:1008D00050F8042B51F8043BCCFA52F4D51A17D136
:1008E000B4B950F8042B51F8043BCCFA52F4D51AA1
:1008F0000ED16CB950F8042B51F8043BCCFA52F4E9
:10090000D51A05D1002CDAD030BC4FF0000070476A
:1009100029BAB1FA81F111F01801D1F12000844017
:10092000F2D1CA40CB4012F0FF0213F0FF0330BCFB
:10093000D01A7047704770477047000000487047F2
:100940004008002010B5FFF7F9FF006810BD10B592
:100950000446FFF7F3FF046010BD2DE9F0470D4694
:1009600099469246044600F124080168880604D599
:10097000E06921F01001216000E00120A84201DDC2
:10098000471B00E00027A1697A1902EB0900081A49
:10099000A0612078C00602D42046FFF735FD00266E
:1009A00008E0D4E901211AF806009047206A401CAB
:1009B000761C20624E45F4DB2078C0060AD520461E
:1009C000FFF722FD06E0D4E9012130209047206A9C
:1009D000401C2062381EA7F10107F4DC07E0D4E9CF
:1009E000012118F805009047206A401C2062281E4B
:1009F000A5F10105F3DC2046FFF71CFD2078000679
:100A000002D50220BDE8F0870120FBE72DE9FF4F6A
:100A10000C461E464FF0FF378BB0D2E90001DDF8DF
:100A200060800A908A46C1F30A5505B93D46002107
:100A300008464FF00000BAF1000F00F4400005DA5C
:100A400000EB80004FF4400101EA50004FEA90595A
:100A5000B9F1010F00DDB9460A9850EA4A000ED0FC
:100A600044F61050A5F2FF3545432F14B8F1000F9E
:100A70001ED07542291E1EDDC9F100021CE0B8F12E
:100A8000010F4FF0000001D0302103E0F24305E0F8
:100A90002154401CB042FBDB30460022002121548F
:100AA0000B99C1F80880C1E900200FB0BDE8F08FB4
:100AB000BD1B6D1CDEE74A4600DA694206A800F05D
:100AC00005FB06AB93E8070003AB83E8070050463D
:100AD0000A990FF039F88DE80700A0F500501F388B
:100AE00000900398002D0ADD42F21F014A46084497
:100AF000002303A9039068460FF0A2FA09E0A0F5CD
:100B000000504A461F38002303A9039068460FF09F
:100B1000ACFA8DE807000004000C03D04FF0FF3062
:100B2000410800E01046B8F1000F03D00022009207
:100B300015461EE0751E05D400F0F2F930326255FC
:100B40006D1EF9D5B3460122084302D000227F1C56
:100B500004E02078302801D100227F1E002A099766
:100B600084D01DE0112D07DA00F0DAF93032625539
:100B70006D1C50EA0102F5D1084302D00098C8B1BB
:100B80000EE00021681E05E0235C625C6354225481
:100B9000401E491C8142F7DBAB46A81B401E099052
:100BA000002004F80B000B98099AC0F80880C0E9EF
:100BB000002B7AE711264FF0000857E72DE9F04F98
:100BC00088460446D21D22F0070191B0D1E9000108
:100BD000CDE90A010FF080FB02460B98C00F01D04F
:100BE0002D2007E02068810701D52B2002E020217D
:100BF00001EAC000032A099001D0072A05DB034659
:100C00004146204600F0D2F90BE12078800601D55C
:100C1000E06900E00620B8F1650F814606D0B8F122
:100C2000660F18D0B8F1670F70D131E00020B9F12C
:100C3000110F009001DB112301E009F101030AAA61
:100C400001A90CA8FFF7E2FEDDE90C70002609F10E
:100C50000105834647E001204B4600904FF00047D6
:100C60000AAA01A90CA8FFF7D1FEDDE90DB00C9985
:100C70005D46002610B909F101000D18B9EB050019
:100C800003D4C0F1FF3609F10105A5EB09002BE003
:100C9000B9F1010F01DA4FF001090020B9F1110F8C
:100CA0000090484601DD112300E003460AAA01A98D
:100CB0000CA8FFF7ABFEDDE90C704D46002683461D
:100CC000207800070AD4AB4500DA5D4601A8012D63
:100CD00004DD411911F8011C302907D04F4502DA13
:100CE00017F1040F04DA012082460FE06D1EEEE7D3
:100CF000002F02DCED1B3E4403E0781CA84200DD1F
:100D00007D1CB81B00F1010A4FF000472078000756
:100D100003D4AA4501DB4FF0FF3A0021B7F1004FA1
:100D20000DF143088DF8431024D002202B23002F0F
:100D300001DA7F422D230A21021EA0F1010000DC0E
:100D40005FB197FBF1FC97FBF1F201FB1C7C1746AE
:100D50000CF1300C08F801CDEEE7A8F101000370AA
:100D60002188090501D5452100E06521A0F1010890
:100D700000F8011C09980FA9A1EB0807FF1D00B19D
:100D80000120411901EBEA70A1693844081A401E9C
:100D9000A0612078C00602D42046FFF735FB0998F1
:100DA00028B1D4E901219047206A401C20622078B4
:100DB000C00622D52046FFF727FB1EE0002E04DBED
:100DC000B34502DD01A8805D00E03020D4E90121B7
:100DD0009047206A401C2062761CAAF101005FEA5D
:100DE000000A0AD100F098F8C0680168405CD4E9B4
:100DF00001219047206A401C2062281EA5F10105B0
:100E0000DCDC07E0D4E9012118F8010B9047206AE7
:100E1000401C2062381EA7F10107F3DC2046FFF7D3
:100E200009FB032011B041E601694A1C0261087800
:100E3000704700B58FB0CDE901310021059105491A
:100E40007944CDE9031011466846FFF769FB0FB0FE
:100E500000BD0000E5FFFFFF0A6802F8010B0A6011
:100E6000704710B5436913B1AFF3008001E0FFF79D
:100E7000F2FA012010BD127800F124010A7000225C
:100E80004A700122EDE711684FF0FF32E9E72DE9E2
:100E9000F04791460F4680460446002614F8015B51
:100EA0002DB100F031F80068405DC007F6D12B2D60
:100EB00002D02D2D18D0641E4A463946204600F037
:100EC000B5F827B13968A14201D1C7F800804FF0C9
:100ED000020471050BD54042002803DDFFF72EFD0B
:100EE0000460A007BDE8F08746F48066E4E70028C8
:100EF000F8DAFFF723FD04606FF00040F2E700002E
:100F0000004870474008002010B500F005F8001DAB
:100F100010BD00BFA9F40000004870476008002021
:100F200030B5B0F10A0271F100034FEA900E4EEABB
:100F3000817EB0EB0E0061EB91014FEA101E4EEA8C
:100F4000017E10EB0E0041EB11114FEA102E4EEA1C
:100F5000016E10EB0E0041EB11214FEA104E4EEAEC
:100F6000014E10EB0E0041EB1141401841F1000120
:100F70004FEAD00040EA41704FEAD1014FEA8104C4
:100F800044EA907410EB800544EB01046D1944EBC6
:100F90000404521BA3414FF0000348BF0A3200D59E
:100FA00030BD401C41F1000130BD00002DE9F04191
:100FB0001F46044603260168072A01F4006004DB8B
:100FC00008B116A505E016A503E008B115A500E0D7
:100FD00015A521F010002060A069C01EA0610FB10E
:100FE000401EA0612046FFF70FFA4FB1D4E901215E
:100FF00038469047206A401C2062C01C206206E0F0
:10100000206AFAE7D4E9012115F8010B9047761E12
:10101000F8D22046FFF70EFABDE8F0814E414E00AF
:101020006E616E00494E4600696E66002DE9F05F04
:10103000824615468B4600270AF10104B94600781E
:10104000302801D09DB113E014F8010B0127782856
:1010500003D0582801D045B10AE00DB1102D07D1B9
:10106000002714F8010B102502E0082500E00A25EE
:101070000026B0460EE005FB080005FB06F101273F
:101080001FFA80F801EB1046B6F5803F00D3B94651
:1010900014F8010B294600F0B0F80028EBDABBF198
:1010A000000F05D00FB1641E00E05446CBF800409D
:1010B000B9F1000F06D0FFF741FC02210160C81E04
:1010C000BDE8F09F48EA0640FAE700002DE9F04746
:1010D000814616468AB0354878440DC88DE80D0023
:1010E00032487844801C03AC0DC884E80D0041F6FA
:1010F0009B300844372190FBF1F290FBF1F5A5F10C
:10110000800501FB12041B3C02D56442012000E073
:101110000020DFF898A080460027FA44AAF1BE0A12
:101120000EE0E0070AD03246684607EB470101238C
:101130000AEB81010EF099FF8DE8070064107F1C17
:10114000002CEED1194F7F44AE3F19E0E80715D0CF
:1011500007EB04100DF1180A90E80E008AE80E0063
:10116000C068F04201D1981908903246012306A9BF
:1011700003A80EF07AFF03AB83E807006D10641C30
:10118000002DE3D14FF0010332466946B8F1000F5C
:1011900003A802D00EF054FF01E00EF066FFC9E98B
:1011A0000001C9F808200AB0BDE8F08734FE00004D
:1011B0007546FFF7A5FEAE4605006946534620F08A
:1011C0000700854618B020B5FFF77EF8BDE820403F
:1011D0004FF000064FF000074FF000084FF0000BF3
:1011E000AC46ACE8C009ACE8C009ACE8C009ACE862
:1011F000C00921F007018D4670473A2800D23038E7
:1012000020F02002412A01D3A2F13700884201D305
:101210004FF0FF30704710B50446AFF30080204612
:10122000BDE81040FFF73CB801491820ABBEFEE70F
:10123000260002007047000080B50146806B036CF9
:10124000026C13F0500F06D0D2060FD4806BC26C24
:101250000846904780BD42F40071016401688A68C5
:1012600012F0405F05D001F013FD80BD01F014FDC8
:1012700080BD027E002AF6D1CA6A12F4700F02D035
:101280008A685205EFD44A6822F020024A60016C55
:1012900021F480710164016CC904E4D4016C41F053
:1012A0000101016401F0F4FC80BD000080B5806B99
:1012B00040210164416C41F00401416401F0ECFC07
:1012C00080BD000080B5806B01F0E4FC80BD0000B3
:1012D00010B542F20432C4F20102116821F4403127
:1012E0001160D2F800C090E80A4043EA0C03C468D9
:1012F00013604A6822F480724A6002694B6843EACC
:1013000002224A604A6822F040724A604A6842EA11
:101310000E024A608A6822F400628A608A68224368
:101320008A60826A8B68012423F070638B608B680B
:10133000C0F60074A24202D123F0405208E01A43E2
:101340008A608A6822F040528A60C26A8B681A43B7
:101350008A608A6822F002028A608A68037E90F8B6
:10136000204042EA43028A604A6884B142F4006243
:101370004A604A684EF2000322F460424A60426AC0
:10138000CFF6FF734C6803EB4232224301E022F4B4
:1013900000624A60CA6A40F2000C22F47002CA621B
:1013A000C3694269CFF6F07CCC6A0CEB035323434C
:1013B000CB628B6823F400738B6090F830008B68ED
:1013C00043EA40208860886820F4806088608868EC
:1013D00040EA8220886010BDF0B542F6610245F611
:1013E000A740C2F20002C2F2000090F897101378F2
:1013F00054785B1A92F802C092F803E018BF0123F8
:1014000090F8FB5042F24471C2F200014B5590F843
:10141000983042F2BD77E31A90F8FC4018BF0123E0
:101420000B5590F8993090F8FD50BCEB030318BFB2
:1014300001234B5590F89A3090F8FE50BEEB030311
:1014400018BF01234B55137990F89B5042F2BF7E91
:101450005B1B90F8FF5018BF01234B55537990F850
:101460009C50C2F200075B1B90F8005118BF01238B
:101470004B55937990F89D50C2F2000E5B1B90F88B
:10148000015118BF01234B55D37990F89E5042F279
:10149000C07C5B1B90F8025118BF01234B55137A97
:1014A00090F89F50C2F2000C5B1B90F8035118BFDC
:1014B00001234B55537A90F8A0505B1B90F80451D0
:1014C00018BF01234B55937A90F8A1505B1B90F8FD
:1014D000055118BF01234B55D37A90F8A2505B1BDE
:1014E00090F8065118BF01234B55137B90F8A35079
:1014F0005B1B90F8075118BF01234B55537B90F8A5
:10150000A4505B1B90F8085118BF01234B55937BE7
:1015100090F8A5505B1B90F8095118BF01234B555B
:10152000D37B90F8A6505B1B90F80A5118BF01239B
:101530004B55137C90F8A7505B1B90F80B5118BFCC
:1015400001234B55537C90F8A8505B1B90F80C512D
:1015500018BF01234B55937C90F8A9505B1B90F862
:101560000D5118BF01234B55D37C90F8AA505B1B3B
:1015700090F80E5118BF01234B55137D90F8AB50D6
:101580005B1B90F80F5118BF01234B55537D90F80A
:10159000AC505B1B90F8105118BF01234B55937D45
:1015A00090F8AD505B1B90F8115118BF01234B55BB
:1015B000D37D90F8AE505B1B90F8125118BF0123F9
:1015C0004B55127E90F8AF30D21A90F8133118BFF5
:1015D0000122CA5442F2BC724B78C2F200028D78EA
:1015E000CC780E79137042F2BE73C2F200033D70E4
:1015F0001C708EF800604C7942F2B5758CF8004092
:101600008C79C2F200052C70CC7942F2B675C2F228
:1016100000052C700C7A42F2B775C2F200052C70EE
:101620004C7A42F2B875C2F200052C708C7A42F204
:10163000B975C2F200052C70CC7A42F2BA75C2F2CA
:1016400000052C70097B42F2BB74C2F200042170C9
:10165000117840F610420224C4F20202002908BFA9
:101660004FF40034946039780124002908BF4FF406
:10167000803494601978182300294FF40061C4F273
:10168000020308BF4FF00061C3F800189EF8001075
:101690004FF48067002908BF4FF08067C3F80078D7
:1016A0009CF800104FF40047002942F2C17108BFB6
:1016B0004FF000471F60C2F2000109784FF4006745
:1016C000002942F2B47108BF4FF000671F60C2F2F8
:1016D000000109784FF48057002908BF4FF0805768
:1016E0001F60D3F8F817C1F3801742F2E061C2F22D
:1016F00000014F701768C7F3C0378F701768C7F3C2
:101700008037CF701768C7F340370F711768C7F37A
:1017100000374F711768C7F3C0278F711768C7F379
:101720008027CF711768C7F340270F721268C2F382
:1017300000224A72D3F8F823C2F3C0328A7290F8BA
:10174000C9208A5C90F86530D31A42F64A02C2F288
:10175000000218BF0123137090F8CA30CB5C90F8D8
:101760006670DB1B18BF0123537090F8CB30CB5C45
:1017700090F86770DB1B18BF0123937090F8CC3092
:10178000CB5C90F86870DB1B18BF0123D37090F816
:10179000CD30CB5C90F86970DB1B18BF012313714F
:1017A00090F8CE30CB5C90F86A70DB1B18BF012339
:1017B000537190F8CF30CB5C90F86B70DB1B18BF87
:1017C0000123937190F8D030CB5C90F86C70DB1BE8
:1017D00018BF0123D37190F8D130CB5C90F86D70B5
:1017E000DB1B18BF0123137290F8D230CB5C90F84A
:1017F0006E70DB1B18BF0123537290F8D330CB5CA3
:1018000090F86F70DB1B18BF0123937290F8D430EF
:10181000CB5C90F87070DB1B18BF0123D37290F87B
:10182000D530CB5C90F87170DB1B18BF01231373AC
:1018300090F8D630CB5C90F87270DB1B18BF012398
:10184000537390F8D730CB5C90F87370DB1B18BFE4
:101850000123937390F8D830CB5C90F87470DB1B45
:1018600018BF0123D37390F8D930CB5C90F8757012
:10187000DB1B18BF0123137490F8DA30CB5C90F8AF
:101880007670DB1B18BF0123537490F8DB30CB5C00
:1018900090F87770DB1B18BF0123937490F8DC304D
:1018A000C95C90F87800081A18BF0120D074F0BD08
:1018B00080B545F6424C42F67B0EC2F2000CC2F2F5
:1018C000000E1CF900301EF900209A1A8A4204DD2D
:1018D0001EF8001001310EF800101CF900101EF95E
:1018E00000209142A8BF80BD1EF8001001390EF8FB
:1018F000001080BDFEE7000040F6BC31C2F20001DE
:1019000001220A7046F25801C4F2020100220A6064
:10191000486051F8500C40F0746041F8500C40F6AB
:10192000B830C2F2000000680860086840F00100AA
:1019300008607047000000002DE9F04F81B02DEDE8
:10194000048B8CB040F62620C2F2000001881529D5
:10195000C0F000814FF00008A0F8008040F6282475
:101960004FF6FF60C2F20004C1F6AA30206042F6D2
:10197000A100C2F20000007845F64041207142F615
:101980009E00C2F20000007845F63542607145F6CF
:10199000414045F6344345F63147C2F20000C2F2F9
:1019A0000001C2F20002C2F20003C2F20007007896
:1019B000097812781B7897F800C045F6334645F64B
:1019C000324542F2E377C2F20006C2F20005C2F2EB
:1019D000000736782D783F78CDE900C6CDE902576B
:1019E0000BF084F940F6D73540F6D63645F6A647D3
:1019F000A071C2F20005C2F20006C2F20007287808
:101A00006978AA78EB7895F804E095F805C03678FF
:101A10003F78CDE900ECCDE902670BF067F945F6B8
:101A2000A74A41F68169E0712072C2F2000AC2F24F
:101A300000099AF8190099F90010401A45F630414A
:101A4000C2F20001B0FA80F00978EA792B7A6E7A56
:101A50004009AF7A8DE8C001CDF80C800BF046F953
:101A600095F80BC0297B6A7BAB7BEF7B607260468D
:101A7000CDE90078CDF80880CDF80C800BF036F970
:101A80009AF81A1040F6543201F007010843A07288
:101A900040F6D430C2F20000007841F6E061E07216
:101AA00099F90000C2F2000100EB400001EBC00018
:101AB000C079C2F2000220739AF817009AF8181041
:101AC00001F00F0141EA0010607399F80000A07363
:101AD00042F6A200C2F2000090F87B18E17390F881
:101AE0007C18217490F87D18617490F87E18A174A8
:101AF00090F87F08E07446F20400C2F2000001880A
:101B0000515C217561750188A175E17501881144E9
:101B10004978217661760188023101800188452962
:101B200028BFA0F8008020794FF0FF316218927929
:101B30000131142980EA0200F8D1A0760020E07675
:101B40001C20FFF7D9FE40F62220C2F200000188D7
:101B50000131018046F22C00C4F2020040F6C005BB
:101B60000068C2F200052988C0F59670884273D1DA
:101B700040F6AE00C2F200000088642866D140F64C
:101B8000AC00C2F20000017800295FD142F6A20247
:101B90000021C2F200020023D7180133082B87F876
:101BA000D01287F8D81287F8E01287F8E81287F881
:101BB000F01287F8F81287F8001387F8081387F8EF
:101BC000101387F8181387F8201387F8281387F85D
:101BD000301387F8381387F8401387F8381487F8DC
:101BE000401487F8481487F8501487F8581487F879
:101BF000601487F8681487F8701487F8781487F8E9
:101C0000801487F8881487F8901487F8981487F858
:101C1000A01487F8A814BFD140F6BD31C2F200016C
:101C200000220A80C1F80320C1F80720C1F80B2068
:101C3000C1F80F2040F20001C2F200010A6040F634
:101C40002401C2F200010A60012101700CB0BDEC58
:101C5000048B01B0BDE8F08F42F6A20040F62424C8
:101C600040F6BE0C40F6B80840F6EE17C2F200008F
:101C70009FED4D8B9FED4E9BC2F20004C2F2000C13
:101C80000026C2F20008C2F2000700F5347100F528
:101C900087600691059048E097F822000EF0A7FDB6
:101CA00053EC182B0EF0DEFB0EF09EFB40F2000111
:101CB000C2F20001086097F823000EF098FD53EC83
:101CC000192B0EF0CFFB0EF08FFB40F62401C2F271
:101CD0000001086040F6B80840F6AC0040F6C005C8
:101CE00040F6242440F6BE0C0026C2F20008C2F2E0
:101CF0000000C2F20005C2F20004C2F2000C88F833
:101D0000006006702888013028802888B0F5967F0A
:101D100046F22C0028BF2E80C4F2020000682988F9
:101D2000C0F5967088423FF423AF288840F6C20180
:101D3000C2F20001085CFF2801D1218861B121882D
:101D4000002975D0FE2802D12188012904D02188DC
:101D5000022907D1AA2813D1ACF8006020880130ED
:101D6000208067E0218803290CD1ACF8000020888E
:101D70000130208040F6BA00C2F20000068059E02F
:101D8000268057E02188BCF80020914214D2218897
:101D9000042911D340F6BA02C2F200021188785425
:101DA000108801301080D9E70000000000003E409C
:101DB00000000000000014402188BCF8002091427F
:101DC0002AD1BCF8001039B340F6BA01C2F20001C2
:101DD0000988262920D13978BCF80020022A0AD3A4
:101DE0004FF0FF32BB189B78BCF800E05940D31C81
:101DF00001327345F6D388420ED1012040F6B2017C
:101E000088F80000C2F2000108880130088040F61E
:101E1000B400C2F20000068098F8000030B940F625
:101E2000BC01C2F20001088801300880268000BF92
:101E3000ACF8006098F8000000283FF463AF002081
:101E40003978069E01F001013154797800F10802D9
:101E500001F001010B92B154B97800F1100201F0C8
:101E600001010A92B154F97800F1180201F0010160
:101E70000992B154397900F1200201F00101089270
:101E8000B154797900F1280201F001010792B154AF
:101E9000B97900F1300501F001017155F97900F1CE
:101EA000380E01F0010106F80E10397A00F1400CED
:101EB00001F0010106F80C10797A00F1480B01F0ED
:101EC000010106F80B10B97A00F1500A01F0010186
:101ED00006F80A10F97A00F1580801F0010106F835
:101EE0000810397B00F1600901F0010106F80910C2
:101EF000797B00F1680301F00101F154B97B00F135
:101F0000700201F00101B154F97B059E01F001015D
:101F10003154397C0B9C01F001013155797C0A9CCC
:101F200001F001013155B97C099C01F001013155E5
:101F3000F97C089C01F001013155397D079C01F0C5
:101F400001013155797D01F001017155B97D01F033
:101F5000010106F80E10F97D01F0010106F80C10E0
:101F6000397E01F0010106F80B10797E01F00101C4
:101F700006F80A10B97E01F0010106F80810F97E92
:101F800001F0010106F80910397F01F00101F15457
:101F9000797F01F00101B1544FF0FF317A18537885
:101FA00001315B081D295370F8D1013008287FF4F6
:101FB00047AFB87F40F6BD31C009C2F200010870DA
:101FC000B87FC0F380104870B87FC0F340108873AA
:101FD000B87FC0F30010C873B87FC0F3C0000874A6
:101FE000B87FC0F380004874B87FC0F340008874A5
:101FF000F87FC009C870F87FC0F380100871F87FBF
:10200000C0F340104871F87FC0F300108871F87F6A
:10201000C0F3C000C871F87FC0F380000872F87F79
:10202000C0F34000487297F8200097F821108842CA
:102030007FF432AE97F8200040F6BD31C009C2F2FD
:102040000001887297F82000C0F38010C87297F8DA
:102050002000C0F34010087397F82000C0F3001070
:10206000487319E6B0B501291ADB84464FF6FF70B4
:102070004FF0000E4AF201021CF80E3058406FF08B
:10208000070300BF82EA5004C50708BF44080133B4
:102090002046F7D30EF1010E8E4508BFB0BDEBE729
:1020A0004FF6FF70B0BD000045F6A74CC2F2000C21
:1020B0009CF8021042F6A002C2F2000211709CF8D5
:1020C000021042F69F02C2F2000211709CF8021048
:1020D000002908BF704741F6E061C2F200011839DB
:1020E000002240F2011300BF0B859CF80200013270
:1020F000824201F11801F7D370470000F0B583B0B8
:1021000041F2C40C41F2C00E41F2C802C2F2000C0E
:102110000021C2F2000EC2F2000245F6F870CCF8BF
:102120000010CEF800101160CDE90011C2F20000DD
:1021300003680A2B15D34CF6CD410020CCF6CC41D8
:102140006C4600BF1D46A3FB0136F30803EB830674
:10215000A5EB4606C7B2632D00F10100E655F1D8A4
:10216000C1B2684642F2A874435400230721C0F666
:1021700001040725465C013DA65D0029334403EBBD
:10218000830618BF7300EEB20A2EA1F10101F1D34C
:1021900043F6B040C0F2144041F259715840CDF2BC
:1021A000B711A0FB014541F65214C0F283145C4004
:1021B000A4FB01676D0B42F2107605FB16004EF68C
:1021C000B335C0F2DC256B40A3FB0115CCF8000051
:1021D000780B690B00FB164001FB1631CEF80000AE
:1021E000116003B0F0BD0000F0B581B040F21045C1
:1021F000C4F202052868C00444BF28685FEA404072
:1022000009D42868800444BFD5F8000C5FEA004078
:1022100007D401B0F0BD0AF091FD09F0F1FF01B063
:10222000F0BD02F0B9FB42F2E57445F22040C2F283
:102230000004C0F26F00C4F80B0044F64560C2F21F
:102240005400A06047F26130C2F26500606046F25F
:102250005250C6F26C5020601120214602F0AAFDB7
:102260000020207344F2204047F26156C6F26560B8
:1022700046F64C77C7F26C466060C6F26147222092
:102280002146A660276002F095FD02F02DFD00BFFB
:1022900028688004FCD4D5F8000C0004F8D446F675
:1022A0006160C0F27400A06047F26F50C7F2207006
:1022B000606046F64470C7F62010206001200121BE
:1022C000224602F05DFD3F20A08146F22040C6F28A
:1022D00065606060012011212246A660276002F03F
:1022E0004FFD0020207244F22050C5F24E40606045
:1022F00046F25950C3F67320206001202221224665
:1023000002F03EFD45F64500C0F25400606046F61E
:102310004E70C2F23A00206001203321224602F0C2
:102320002FFD02F0E1FC00BF286880045CBFD5F8F7
:10233000000C5FEA0040F7D5D5F8000C00047FF5EB
:1023400068AF0AF0FBFC02F05BFD4FF4967000F002
:102350003DFF01B0F0BD0000B0B541F20000C4F295
:102360000100016811F00A0F0AD04168016821F4E8
:10237000787101600BF0B8FB00F08CFA00F05EFAA7
:1023800044F20044C4F20004206810F00A0F0AD09E
:102390006068206820F4787020600BF0DFFB00F0AC
:1023A00051F900F023F9D4F8000444F6004510F088
:1023B0000A0FC4F2000510D04FF60440CFF6FF70AC
:1023C0002858D4F8000420F47870C4F800040BF006
:1023D000FFFB00F0ABF800F051F8286810F00A0F8E
:1023E0000AD06868286820F4787028600BF0E0FA5A
:1023F00000F0CCF800F06EF845F20000C4F20000E6
:10240000016811F00A0F08BFB0BD4168016821F4EE
:10241000787101600BF006FB00F044F900F002F85F
:10242000B0BD000046F21000C4F2020000210160BD
:1024300043F63001C4F202010A6842F400120A6055
:1024400040F65861C2F20001C16045F20401C4F2D5
:10245000000181604FF49671416040F20051C0F676
:102460000001016050F8081C41F03D0140F8081CD3
:10247000016841F0010101607047000046F2280048
:10248000C4F202000021016043F63001C4F20201EF
:102490000A6842F400120A6040F6C201C2F200016A
:1024A000C16044F60401C4F2000181604FF49671EA
:1024B000416040F20051C0F60001016050F8201C5C
:1024C00041F4746140F8201C016841F00101016091
:1024D0007047000046F24000C4F202000021016093
:1024E00043F63001C4F202010A6842F400120A60A5
:1024F00042F28041C2F20001C16044F60441C4F2DC
:10250000000181604FF49671416040F20051C0F6C5
:102510000001016050F8381C41F4741140F8381C77
:10252000016841F0010101607047000046F2580067
:10253000C4F202000021016043F63001C4F202013E
:102540000A6842F400120A6040F62821C2F2000133
:10255000C16044F60401C4F20001816004214160BD
:1025600050F8501C40F2404241F0746140F8501C59
:1025700040F6B831C2F20001C0F600020A600968F4
:102580000160016841F001010160704746F270008E
:10259000C4F202000021016043F63001C4F20201DE
:1025A0000A6842F400120A6042F2AC51C2F2000121
:1025B000C16044F60441C4F200018160042141601D
:1025C00050F8641C40F2404241F03D0140F8641C68
:1025D00042F2D861C2F20001C0F600020A60096846
:1025E0000160016841F001010160704746F2880016
:1025F000C4F202000021016043F63001C4F202017E
:102600000A6842F400120A6040F6EE31C2F200019C
:10261000C16044F20441C4F2000181604FF496713C
:10262000416040F20051C0F60001016050F87C1C8E
:1026300041F4746140F87C1C016841F001010160C3
:102640007047000046F2A000C4F2020000210160C1
:1026500043F63001C4F202010A6842F400120A6033
:1026600040F61A51C2F20001C16044F20441C4F2C2
:10267000000181600421416050F8941C40F2404206
:1026800041F4741140F8941C40F64861C2F2000114
:10269000C0F600020A6009680160016841F00101AA
:1026A0000160704746F2B800C4F2020000210160E8
:1026B00043F63001C4F202010A6842F400120A60D3
:1026C00040F68A71C2F20001C16045F20401C4F211
:1026D000000181600421416050F8AC1C40F240428E
:1026E00041F0746140F8AC1C41F2B801C2F2000143
:1026F000C0F600020A6009680160016841F001014A
:102700000160704770B546F20000C2F20000016837
:1027100045F6CC330131016046F27C30C2F2000054
:1027200041880288C2F20003891A198081880288D0
:1027300045F6D83E891AC2F2000EAEF80010C188E4
:10274000028845F6E83C891AC2F2000CACF8001089
:10275000B3F90010C82901DD012104E0B3F900102C
:10276000952905DC002145F60142C2F200021170F4
:10277000BEF90010C82901DD012104E0BEF90010F6
:10278000952905DC002145F60C42C2F200021170C9
:10279000BCF90010C82901DD012104E0BCF90010DA
:1027A000952905DC002145F61842C2F2000211709D
:1027B00045F6CA31C2F20001B1F90020B2F5AA7F94
:1027C00035DC45F6D034C2F20004B3F90020B3F989
:1027D0000030D4E90056C3FB8256C4E9005645F6E2
:1027E000E036C2F20006BEF90020BEF90030D6E99C
:1027F0000054C3FB8254C6E9005445F6F036C2F2D9
:102800000006BCF90020BCF90030D6E90054C3FB37
:102810008254C6E900540A8801320A8046F2140143
:10282000C2F20001B0F908000A681044086046F2DC
:10283000A440C2F2000000F069FB70BD46F288407F
:10284000C4F202000021016043F63001C4F202012B
:102850000A6842F480020A6043F2AA21C2F200012F
:10286000C16041F20401C4F20101816040F6B65139
:10287000416040F20051C0F60001016050F87C1C3C
:1028800041F4746140F87C1C016841F00101016071
:102890007047000046F2B840C4F202000021016017
:1028A00043F63001C4F202010A6842F480020A6071
:1028B00044F60E61C2F20001C16041F20401C4F2AB
:1028C000010181600421416050F8AC1C40F240429B
:1028D00041F0746140F8AC1C45F6C431C2F200010D
:1028E000C0F600020A6009680160016841F0010158
:1028F00001607047D0F800C06FF00F024AF6AB23BA
:1029000052FA8CF2CAF6AA230146A2FB0330000950
:1029100005A31B5C40F2FF302CEA00005F2A88BF51
:102920000430C1E9160370470006101600061016A1
:102930008269816AB2F5005F06D06AB9022912D0B5
:10294000012914D0D1B90EE0032917D8DFE801F02E
:10295000020B020F0120704703293CBF0120704782
:102960001CBF00207047C06AC0F300607047C06A97
:10297000A0F1C070B0FA80F04009704700207047A5
:1029800080B5D0F800C0D0F808E0DCF80000BEF157
:10299000400F20F48020CCF800000846CCF804302A
:1029A00004BF10460A46CCF80800CCF80C2080BDC5
:1029B00040F61841C4F2020108220A6041F2BC014B
:1029C000C2F2000101220A7046F2B801C4F202010B
:1029D00000220A60486051F8AC0C40F0746041F885
:1029E000AC0C41F2B800C2F2000000680860086850
:1029F00040F00100086070477047000041F68860B1
:102A000040F22441C2F20000C4F2000100680968EB
:102A1000084441F68461C2F200010860704700007A
:102A200041F68861C2F200010022B0F5803F0A60E1
:102A300013DB4FF6FE7C4FF6FF73C0F2010C00BFB4
:102A40000A6860451A440A60A0EB03021046F7DCEE
:102A5000B2F1FF3F05DD134610E00246B2F1FF3F41
:102A6000F9DC4FF6FF7000BF0B6812F5803FA3EB57
:102A700000030B6002EB00031A46F5DD40F224412F
:102A800098B2C4F20001086070470000EFF31080B4
:102A900072B600BFFEE7000000BF00BF00BF00BF6E
:102AA00070470000B0B546F24400C4F2020046F29E
:102AB0003C710068C2F200010B68C0F5967046F2E6
:102AC000A05246F61014C2F200029842C2F200046C
:102AD000106005D00860216840F6FC7291432160C7
:102AE000227800210028C8BF012102F0FD0242EA3D
:102AF000410121702168052262F31531216021789E
:102B0000C9070DD02178012801F0FE01217007DBF3
:102B10000CF052FB0CF0C4FB207800F0FD0020709C
:102B200046F60A05C2F2000595F8CC00C10708BFB9
:102B3000B0BD46F2A45400F0FE00C2F2000485F8D5
:102B4000CC002046FDF7CBFD01462046FDF78BFE6D
:102B5000B5F8CA0040B10020291889782154B5F889
:102B6000CA1001308842F7D346F2A450C2F20000E6
:102B700002A10BF017FA0CF01FFEB0BD22736572B4
:102B800069616C223A00000070B581B000220092A9
:102B900090F83C20012A01D1022156E00E68012262
:102BA0001FFA86FC80F83C204FEA4C0212FA86F3AA
:102BB00002680A2E32BF10321E3B0C324FF0070E55
:102BC00015680EFA03F4A54315608D68146805FABC
:102BD00003F3234313604968062906D8026801EB12
:102BE0008101053902F134030AE00C2901EB81016E
:102BF000026887BF413902F12C03233902F1300307
:102C00001F221C688A4024EA02021A601A680CFA21
:102C100001F1114342F2043E1960C4F2010E016851
:102C2000122EAEF5417208BF914205D1DEF8003098
:102C300043F48003CEF8003026F00103102B08BFC8
:102C4000914205D0002180F83C10084601B070BDCB
:102C5000DEF80010102E41F40001CEF80010F1D182
:102C600040F63001C2F2000109684DF68362C4F2F9
:102C70001B32A1FB0212910C01EB8101490000BF44
:102C8000009100990029DDD000990139F8E7000092
:102C9000704700007047000070470000B0B510B3E7
:102CA0000446006C30B9204600F020F80020606433
:102CB00084F83C00206C0125C0060FD4206C41F242
:102CC00002118843023020642046FEF701FB0020F9
:102CD0006064206C65F3010000252064002084F806
:102CE0003C002846B0BD0120B0BD000070B586B0E4
:102CF000044642F200002168C4F20100002681422D
:102D00000596CDE903660296019601D006B070BD26
:102D100043F630010096C4F202014A6900F56840AA
:102D200042F480724A614A6902F480720092009A09
:102D300000960A6842F004020A60096801F0040182
:102D4000009100990F2101910321CDE9021601A9FB
:102D500000F050FA46F2A44546F21040C2F20005D7
:102D6000C4F202004FF48061C5E9000605F11000CD
:102D70004FF400624FF400534FF4807C80E80E1053
:102D80002846C5E90266C5E9086600F085F900280D
:102D900018BFFFF77BFEA563AC6306B070BD0000F3
:102DA00070B582B004460020019094F83C000128E0
:102DB00002D1022002B070BD13460A4601202168EC
:102DC00084F83C008868C00718D188684DF6836590
:102DD00040F00100886040F63000C2F20000006858
:102DE000C4F21B35A0FB0505A80C00EB400000BF9A
:102DF0000190019810B101980138F9E78868C00581
:102E000003D5886820F4807088608D68206CED0799
:102E100007D140F010002064606C40F00100606455
:102E200070E040F20175A84300F5807020644868A6
:102E3000400504D5206C012565F30D302064256C18
:102E40000020ED044FF0000544BF656C25F0060539
:102E5000656484F83C00A06B41F2392541F2C52C31
:102E6000C0F60005C0F6000CC0E90F5C41F2AD25CC
:102E7000C0F60005C5646FF022050D604D6842F292
:102E8000043645F080654D608D68C4F2010645F456
:102E900080758D604C3100F067F931682068C90693
:102EA0000CD0A6F5417188422CD14FF60451CFF6D3
:102EB000FF71715811F0405F24D11FE042F2000110
:102EC000C4F20101884215D042F20021C4F201018E
:102ED00088420CD042F20011C4F20101884211D1A3
:102EE0003168C90606D0A6F5827188420AD13168D8
:102EF000C90607D4816811F0405F03D1816841F0B1
:102F000080418160002002B070BD0000F0B581B04A
:102F100004460020009040F63000C2F20000026833
:102F2000D4E9166048F2B51337680821C1F64E336C
:102F300081403942A2FB03250CD0226813685B074D
:102F400008D5136823F004031360B160616D41F08C
:102F50000101616501218140394208D0226852692E
:102F6000120604D5B160616D41F002016165042172
:102F70008140394208D022681268920704D5B160B6
:102F8000616D41F00401616510218140394215D025
:102F900020680268120711D5B16002680168520307
:102FA00006D4C90506D4016821F00801016001E0DA
:102FB000080342D4216C09B120468847E16D2020E6
:102FC00000FA01F23A4244D020680368DB0640D59B
:102FD000B26094F835300268052B1ED122F016023B
:102FE0000260426922F080024261226C0AB9A26C3E
:102FF0001AB1026822F0080202603F208840B060E7
:10300000012084F83500216D0020002984F8340067
:1030100040D02046884701B0F0BD0168520310D46B
:10302000C90512D4016821F010010160012084F863
:103030003500002084F8340007E0A16C0029BBD1E2
:10304000BCE7080301D4616C00E0E16B09B12046E4
:103050008847606DF0B1606DC00717D0052084F817
:1030600035002068A90A026822F00102026000BF50
:10307000009A01328A42009202D80268D207F7D140
:10308000012084F83500002084F83400E16C09B197
:103090002046884701B0F0BD2DE9F041044600F01C
:1030A0007DF9C4B10546022084F83500002021686E
:1030B00084F83400086820F0010008602668306851
:1030C000C0070BD000F06AF9401B0528F6D9032190
:1030D0002022032042E00120BDE8F081306848F260
:1030E0003F01CFF21001251D00EA010C2ECDD4E9DD
:1030F000050E41EA0C01114319432943D4E907782D
:10310000084340EA0E01606A3943042841EA080195
:1031100003D1D4E90B2311431943316071690428A9
:1031200021F0070141EA00050CD1D4E90A1045EA73
:10313000010538B12046FFF7FBFB18B10121402201
:1031400001200BE020467561FFF7D4FBE16D3F22C3
:1031500002FA01F18160002201210020626584F8F9
:103160003510BDE8F0810000B0B5044690F8340099
:10317000012828D0012084F83400A56D94F835008A
:1031800001281DD1022084F835000020606520460A
:10319000FFF7F6FBE26D3F23206803FA02F2216C91
:1031A000AA60026842F01602026019B1016841F09B
:1031B00008010160016841F0010101600020B0BD1B
:1031C000002084F834000220B0BD0000B0B50446F1
:1031D00000F0E4F8054640F63600C2F20000007840
:1031E000611C18BF044400BF00F0D8F8401BA04287
:1031F000FAD3B0BD2DE9F04F83B000F13E4202F1A9
:10320000FF724FEAB22241F600470192C4F2020770
:1032100008224FF0010E00254FF0000A4FF0000881
:10322000B84208BF072200920AE000BF08F1010877
:103230000AF1040AB8F1100F05F1020500F0A480AC
:103240000C680EFA08FB14EA0B09EFD04C6804F086
:10325000030CACF1010EBEF1010F11D803228768F7
:1032600002FA05F6CA68B743AA403A438260426848
:10327000C4F3001722EA0B0207FA08F73A43426048
:10328000BCF1030F1CD0C26803238E6803FA05F754
:10329000BA4306FA05F73A43BCF1020FC2600FD1F8
:1032A0006FF0030202EA580202440AF01C060F23E0
:1032B000176A03FA06F40B69A743B3403B43136252
:1032C000026803234F68AB409A4307F00303AB4007
:1032D0001A4317F4403F4FF0010E0260A6D00022BF
:1032E00043F644030292C4F202031A6843F6004410
:1032F00042F480421A601A68C4F2010402F4804267
:103300000292029A28F003024FF6084B2244CFF6AD
:10331000FF7B52F80B300AF00C070F26BE4023EA61
:10332000060C019B009E072B38BF1E4606FA07F7C6
:1033300047EA0C0342F80B30A2684B6842EA0907DF
:1033400043F60C4CDE0258BF22EA0907A760C4F21C
:10335000010CDCF800209E0242EA090758BF22EA6D
:103360000907CCF8007062689E0342EA090758BF5B
:1033700022EA090767602268DB0342EA090358BFB3
:1033800022EA0903236051E703B0BDE8F08F000093
:10339000002A08BF090481617047000046F66010EA
:1033A000C2F2000000687047F0B581B0B0B30446C7
:1033B00090F83D0028B9002084F83C00204600F039
:1033C0005DFA242084F83D002068016821F00101A5
:1033D0000160016841F400410160016821F400418D
:1033E000016000F0C1FB48F28041C0F21E0140F6CE
:1033F0000012656888424FF00001C0F23D0248F2B9
:10340000A16C4FF0000338BF01219042C0F2010CC3
:1034100038BF0123654538BF0B4613B1012001B009
:10342000F0BD4DF68361C4F21B31A0FB011221688F
:103430004FEA924E4B684FF4967623F03F0343EAEF
:1034400092434B6044F6D3530F6A0EFB06F6C1F26B
:103450006203A6FB033627F03F03B709654538BF73
:10346000970C7A1C1A430A62CA6948F2A0674CF6A4
:10347000FF73C0F20107BD4222EA030C0AD80138EB
:103480006A00B0FBF2F001306FF31F30042898BFE0
:1034900004202BE0A368A0F1010E9BB11920684322
:1034A000BEFBF0F00422013062F31F30000512D0A1
:1034B0009BB119206843BEFBF0F00422013062F397
:1034C0001F3011E005EB4500BEFBF0F001306FF35B
:1034D0001F300005ECD1012008E005EB4500BEFBE4
:1034E000F0F001306FF31F3040F4004040EA0C0070
:1034F000C8610868D4E9072320F0C00010431843CE
:103500000860886848F2FF3204F10C0790438CCFC2
:1035100018431043A6698860C86820F0FF0038434C
:103520003043C860086840F0010008600020202196
:10353000206484F83D10206384F83E0001B0F0BDA3
:103540002DE9F04383B01F4616460D460446FFF7AB
:1035500025FF94F83D1020290FD102218146C0F2A9
:103560001001204601221923CDF8009000F04AFFF7
:1035700018B994F83C00012803D1022003B0BDE83B
:10358000F0830121226884F83C101368DDE90B0800
:103590000A99DB0703D1136843F001031360136832
:1035A00023F400631360222284F83D20402284F833
:1035B0003E200022226461626085608D294620855C
:1035C0000020CFF6FF70E062204632463B46CDF841
:1035D0000080CDF8049000F0FFFD18B1012003B089
:1035E000BDE8F083208D022806D0012810D000BB52
:1035F00000200290206812E02068016821F48061B8
:103600000160016841F4006101600021029113E052
:103610002068016821F48061016000210291416904
:103620000291816902910299016841F4007101607F
:1036300007E00020029020684169029180690290B1
:103640000298208D002877D00427C0F2010716E0E9
:10365000204641464A4600F055FF0028BED120686A
:10366000616A00690870606A218D01306062481EDD
:103670002085608D01386085208D00285CD003286E
:103680003ED802281CD00128E2D02046394600222C
:103690004346CDF8009000F0B5FE00289ED120688A
:1036A000616A026822F48062026000690870606AE0
:1036B000218D01306062481E2085608D0138608553
:1036C0002046394600224346CDF8009000F09AFE8D
:1036D00000287FF483AF2068616A026842F40072B8
:1036E000026000690870606A2268411C6162218D75
:1036F00001392185618D0139618511694170B2E718
:10370000204641464A4600F0FDFE00287FF466AFA1
:103710002068616A00690870606A228D0130013A90
:10372000606222852168628D013A62854A6952078A
:10373000A2D50969017096E7202084F83D00002099
:1037400084F83E0084F83C0003B0BDE8F08300003C
:103750002DE9F04383B0994616460F460446FFF71D
:103760001DFE94F83D1020290ED102210546C0F21D
:103770001001204601221923009500F043FE18B9DC
:1037800094F83C00012803D1022003B0BDE8F08387
:103790000121226884F83C101368DDE90B080A99BE
:1037A000DB0703D1136843F001031360136823F4AC
:1037B00000631360212284F83D20402284F83E20DB
:1037C0000022226461626085608D39462085002078
:1037D000CFF6FF70E062204632464B46CDF80080BF
:1037E000019500F07FFD30B3012003B0BDE8F08308
:1037F000204641462A4600F0B5FE28BB606A216893
:10380000034613F8012B0A61228D6362571E278538
:10381000638D3F04A3F1010363854B6918BF13F067
:10382000040308D0437802300B616062901E20854B
:10383000608D01386085208D0028D9D12046414611
:103840002A4600F0AFFD40B1206C0428CCD120689E
:10385000016841F400710160C6E72068016841F425
:1038600000710160202084F83D00002084F83E00B3
:1038700084F83C0003B0BDE8F0830000B0B586B02A
:1038800045F200410068C4F200010024884205941A
:10389000CDE903440294019401D006B0B0BD43F6D3
:1038A00030050094C4F20205286840F00200286048
:1038B000286800F00200009000984FF440700190DA
:1038C0001220CDE90204032004900420059001F5A4
:1038D000D83001A9FFF78EFC0094286940F400104D
:1038E0002861286900F400100090009806B0B0BD6F
:1038F00040F6360046F66011C2F20000C2F2000146
:1039000000780A68104408607047000080B543F6EC
:103910000040C4F20200016841F4007101600168D6
:1039200041F480610160016841F48071016003200D
:1039300000F060F80F2000F005F800F02BF80020F0
:1039400080BD0000B0B540F63602C2F2000240F67B
:1039500030011278C2F200014FF47A730968B3FBA8
:10396000F2F20446B1FBF2F1084600F0D7FA0F2C50
:103970004FF001050CD858B94FF0FF302146002216
:10398000002500F027F840F63800C2F2000004607D
:103990002846B0BD82B0002043F640010190C4F239
:1039A00002014A6842F480424A604A6802F4804256
:1039B0000192019A0090086840F080500860086801
:1039C00000F080500090009802B0704780B50AF077
:1039D00053F980BD70B514460D4606460AF05CF9F1
:1039E0002946224608F04AFA014630460AF05CF9B8
:1039F00070BD000080B50AF069F980BD2DE9F04185
:103A0000002800F08B8043F60808C4F20208044640
:103A1000D8F8F8030D4600F00700884207D288F86E
:103A2000F853D8F8F80300F00700A84276D12068D0
:103A3000810717D5410705D5D8F8001041F4E051AA
:103A4000C8F80010010705D5D8F8001041F460410E
:103A5000C8F80010D8F80010A26821F0F001114356
:103A6000C8F80010C0073FD1D8F8F80300F00700ED
:103A7000A84207D988F8F853D8F8F80300F00700EF
:103A8000A8424BD12068410707D5D8F80010E2685A
:103A900021F4E0511143C8F80010000708D5D8F808
:103AA0000000216920F4604040EAC100C8F800002D
:103AB00000F06CF8D8F8001040F62872C1F303113A
:103AC000C0F60102515C40F6300220FA01F140F6E6
:103AD0003800C2F200000068C2F200021160FFF775
:103AE00031FF0020BDE8F0816068811E022907D205
:103AF00058F8081C89015CBF0120BDE8F08110E086
:103B0000012807D158F8081C89035CBF0120BDE8D3
:103B1000F08106E058F8081C890702D40120BDE8AE
:103B2000F081D8F8001021F003010843C8F8000024
:103B3000FFF734FC064641F2883700BFD8F8000092
:103B4000616800F00C00B0EB810F8DD0FFF726FC10
:103B5000801BB842F2D90320BDE8F08140F6300066
:103B6000C2F200000068704780B5FFF7F7FF43F628
:103B70000801C4F20201096840F63872C1F38221DB
:103B8000C0F60102515CC84080BD000010B543F68C
:103B90000404C4F20204606800F00C00082842F239
:103BA0000040C0F2F40018BF10BD216822682368ED
:103BB00001F03F02C3F38811A1FB00010023FCF7D1
:103BC00095FB21680222C1F3014102EB4101B0FBE8
:103BD000F1F010BD2DE9F04182B0002800F0A28084
:103BE0000446007843F60006C007C4F2020643D03C
:103BF000B06800F00C00042805D1306880033BD584
:103C00006068C8BB8EE0B06800F00C00082802D1E4
:103C100070684002F1D46568B5F5A02F0AD0B5F5FB
:103C2000803F0BD0306820F480303060306820F462
:103C3000802006E0306840F480203060306840F436
:103C400080303060FFF7AAFB002D054611D000BF81
:103C50003068800310D4FFF7A1FB401B6428F7D91C
:103C600022E100BFFFF79AFB401B64284FF00300DE
:103C700055D830688003F5D4207880071AD5B0680D
:103C800010F00C0F09D0B06800F00C00082840F0CC
:103C90008A807068400200F186803068800702D513
:103CA000E06801283ED13068216920F0F80040EA40
:103CB000C10030602078000738D4207840074CD409
:103CC000A5695DB3B06800F00C00082840F09E8044
:103CD000012D27D07068E16900F480028A4221D169
:103CE000216A00F03F028A421CD147F6C071626A25
:103CF0000140B1EB821F15D1A26A0023CFF6FF73FA
:103D000003EBC23200F440316FF30F02914209D14C
:103D1000E16A00F07060B0EB016F03D1002002B0E7
:103D2000BDE8F081012002B0BDE8F08160690028A3
:103D300040F20000C4F2472057D00121C0F8801E95
:103D4000FFF72CFB054600BF706F8007B5D4FFF767
:103D500025FB401B0228F7D9A6E0306C10F08058F4
:103D60000AD100200190306C40F080503064306CFB
:103D700000F080500190019847F20007C4F200075C
:103D80003868C00524D4386840F480703860FFF784
:103D900005FB05463868C0051AD4FFF7FFFA401B3B
:103DA0000228F7D980E0E068002851D00020C4F252
:103DB000472001210160FFF7F1FA054630688007CE
:103DC0003FF571AFFFF7EAFA401B0228F6D96BE026
:103DD000A568052D50D0012D52D0306F20F0010084
:103DE0003067306F20F004004DE00021C0F8801EE5
:103DF000FFF7D4FA054600BF706F80077FF55DAF0F
:103E0000FFF7CCFA401B0228F6D94DE00027C4F298
:103E1000472700203866FFF7C1FA022D05460BD16F
:103E20003068800158D5FFF7B9FA401B02284FF0DF
:103E30000300F5D973E700BF306880017FF56EAFEE
:103E4000FFF7ACFA401B02284FF00300F4D966E7F5
:103E50000020C4F2472000210160FFF79FFA0546C9
:103E6000306880077FF526AFFFF798FA401B0228DD
:103E70004FF00300F4D952E7306F40F00400306790
:103E8000306F40F001003067FFF788FA002D0546DB
:103E900041F2883714D000BF306F800713D4FFF78A
:103EA0007DFA401BB842F7D9032002B0BDE8F0818B
:103EB000FFF774FA401BB8424FF003003FF62FAFF4
:103EC000306F8007F4D4B8F1000F7FF4F9AE306C96
:103ED00020F080503064F3E604F11C052FCD084338
:103EE0000021CFF6FF7140EA821001EBC3316FF37E
:103EF0000F0140EA05600843706001203866FFF753
:103F00004DFA0446306880013FF508AFFFF746FAE6
:103F1000001B02284FF00300F4D900E780B508F039
:103F200029FF80BD10B590F83C20012A4FF0020215
:103F300052D0012380F83C3080F83D200268D2F84E
:103F400004E0D2F808C00C682EF07003234341F25D
:103F5000FF74C4F20004A24253600DDC40F2FF7310
:103F6000C4F200039A4215DCB2F1804F29D040F22E
:103F70000043C4F2000322E040F2FF33C4F2010325
:103F80009A4212DC41F60003C4F200039A4218D0B0
:103F9000002312E040F60003C4F200039A4210D05E
:103FA00040F60043C4F2000309E044F20003C4F207
:103FB00001039A4205D040F20043C4F201039A4241
:103FC00004D149682CF0800319439160012100223B
:103FD00080F83D1080F83C20104610BD002804BF3A
:103FE000012070472DE9F047044690F83D000D464A
:103FF00028B9002084F83C00204600F049F802204F
:1040000084F83D00206844F2070281689143816092
:10401000211D09F029FC20684FF6FF78816882692C
:10402000D0F820C0D5E9003ED5E9026A43EA01098B
:10403000AB6922EA080246EA03234FF6FC46B34383
:10404000D5E9076742EA0A0229691A4342EA0622C9
:1040500042EA01112CF0AA026B6942EA0E0241EA1F
:10406000073142EA0312C0F8089081610262012020
:1040700084F8460084F83E0084F83F0084F842004B
:1040800084F8430084F83D000020BDE8F08700007C
:1040900080B586B040F200410068C4F20001002201
:1040A00088420592CDE903220292019201D006B026
:1040B00080BD43F630000092C4F20200036943F071
:1040C00002030361036903F002030093009B009263
:1040D000036843F002030360006800F002000090F0
:1040E0000098302001900220CDE90202CDE90420A1
:1040F00001F5003001A9FFF77DF806B080BD000092
:1041000010B5044690F83E0094F83F2094F84230F1
:1041100094F843C0042907D089B901284FF0010061
:1041200008BF012B23D010BD012A4FF0010008BFAA
:10413000BCF1010FF7D1022084F83F0012E0012802
:104140004FF0010008BF012AEDD1012BEBD1BCF1EA
:10415000010F18BF10BD022084F83E0084F83F0014
:1041600084F8420084F84300042907D10EE00220BD
:1041700084F83E0084F84200042907D009B90021E0
:1041800005E020680021012209F000FC04212068DC
:10419000012209F0FBFB2068016841F00101016088
:1041A000002010BDFEE700000268516949054FF08C
:1041B00000010FD56FF4806353612022016380F802
:1041C0003D2080F83E10026C42F00402026480F848
:1041D0003C100121084670472DE9F04782B00446A3
:1041E00000680E460168DDF828A041F48061016096
:1041F0000168DDF82C9041F480711D46174601607E
:1042000020464FF0011100225346CDF8009000F0F7
:10421000F9F850B120680068C00544BF4FF4007041
:104220002064032002B0BDE8F08740F20208206855
:10423000C0F2010806F0FE060661204641465246DD
:104240004B4600F019F948BB0020019020684A460F
:10425000416901918069514601900198204600F022
:1042600081F998B9012D08D02068390A01612046EA
:1042700051464A4600F076F940B92068F9B201612A
:10428000204651464A4600F06DF958B1206C04288A
:1042900004D12068016841F400710160012002B07E
:1042A000BDE8F087206800220168534641F4807120
:1042B000016020464FF00111CDF8009000F0A2F807
:1042C0000028A7D1206846F001010161204641463F
:1042D00052464B4600F0D0F8002818BF012002B02B
:1042E000BDE8F0872DE9F04383B0044600680D4631
:1042F00001680A9F0B9E41F48071994690460160C7
:1043000020464FF0011100223B46009600F07AF85B
:1043100050B120680068C00544BF4FF400702064AD
:10432000032003B0BDE8F083206805F0FE010161C1
:104330000221C0F2010120463A46334600F09CF8C3
:1043400018B1012003B0BDE8F0830020029020687E
:1043500032464169029180693946029002982046AE
:1043600000F000F940B1206C0428EAD1206801680F
:1043700041F400710160E4E7B9F1010F0AD020684F
:104380004FEA1821016120463946324600F0EAF82A
:104390000028E8D120685FFA88F10161002003B0AD
:1043A000BDE8F083F0B581B004460068406940077D
:1043B00024D415460E464F1C04E000BF2068406917
:1043C00040071BD42046FFF7EFFEA0B9002FF5D021
:1043D000FEF7E4FF16B1401BB042EFD900202021C8
:1043E000206384F83D1084F83E00216C41F02001E8
:1043F000216484F83C00012001B0F0BD002001B030
:10440000F0BD00002DE9F047DDF820801D46914603
:10441000824601F47F078EB25C1C00BFDAF8000010
:10442000B7F5803F14BF1830143000683040801B4F
:10443000B0FA80F0400948451BD1002CEED0FEF7C1
:10444000ADFF1DB1A0EB0800A842E7D90020202154
:10445000CAF830008AF83D108AF83E00DAF84010B9
:1044600041F02001CAF840108AF83C000120BDE864
:10447000F0870020BDE8F0872DE9F0410446006890
:10448000984643698FB203EA0701B94202D100207E
:10449000BDE8F0814169490512D41646551C00BF9C
:1044A00035B1FEF77BFF16B3A0EB0800B0421ED873
:1044B000206841693940B942E9D041694905EFD5E1
:1044C000016841F4007101606FF480614161002076
:1044D0002021206384F83D1084F83E00216C41F0D7
:1044E0000401216484F83C000120BDE8F081002033
:1044F0002021206384F83D1084F83E00216C41F0B7
:104500002001EEE770B515460E4604462068416965
:10451000490613D44169C90612D4FEF73FFF16B10C
:10452000401BB042F2D900202021206384F83D10C6
:1045300084F83E00206C40F020000CE0002070BDAC
:104540006FF01001416100202021206384F83D10AC
:1045500084F83E00206C2064002084F83C00012098
:1045600070BD0000F0B581B00446006840690006E7
:1045700024D415460E464F1C04E000BF2068406955
:1045800000061BD42046FFF70FFEA0B9002FF5D080
:10459000FEF704FF16B1401BB042EFD900202021E6
:1045A000206384F83D1084F83E00216C41F0200126
:1045B000216484F83C00012001B0F0BD002001B06E
:1045C000F0BD000080B508F053FB45F6F571C2F26E
:1045D00000010020087045F6F471C2F20001087075
:1045E00045F6EA71C2F20001087045F6F071C2F2B8
:1045F0000001087045F6E871C2F20001088045F636
:10460000F271C2F20001088045F6EE71C2F20001BB
:10461000088045F6EC71C2F20001088040F6EA31EC
:10462000C2F20001087040F6EC31C2F200010880CD
:1046300045F6A741C2F200018A786FF0010303EB4F
:10464000420242F67A03C2F200031A70C97E642263
:10465000514340F20402C2F200021180118840F678
:104660003402C2F20002118045F63041C2F200016C
:10467000087040F6E931C2F2000102220A7042F2EB
:10468000C471C2F20001087041F6D761C2F20001A4
:10469000087041F6D661C2F20001087046F20601C8
:1046A000C2F20001087042F2C671C2F20001087045
:1046B00042F2C971C2F20001087042F2C771C2F23F
:1046C0000001087042F2C871C2F20001087041F6A0
:1046D000D861C2F20001087045F65E41C2F20001E5
:1046E000087042F6A201C2F20001FF2281F8080719
:1046F00081F8792881F87A2881F87B2881F87C284C
:1047000081F87D2881F87E2881F87F2881F8722839
:1047100081F8732881F8742881F8752881F8762843
:1047200081F8772840F20C01C2F200010A7845F6C0
:104730002B43C2F200031A700978197042F2DD614E
:10474000C2F20001087040F6D031C2F200010860E8
:1047500080BD000080B540F21040C4F20200016844
:10476000C90442F2CE71C2F2000102D50A78002AD1
:1047700042D00268D2042FD50A786AB342F2D272CC
:10478000C2F20002138842F2C97E01331380C2F2E2
:10479000000E9EF80030E3BB42F2CA7CC2F2000C6D
:1047A000BCF800300B2B02D31388082B09D8BCF8B7
:1047B0000030042B02D31388142B02D81388332B18
:1047C00027D301238EF8003000231380BCF800208B
:1047D0000132ACF800201CE00268D20419D442F285
:1047E000D2730022C2F200030A701A8042F2CA7326
:1047F000C2F200031A800CE042F2C9730122C2F235
:1048000000030A701A7041F6D862C2F20002002357
:1048100013700268520402D58A78002A42D00268D6
:1048200052042FD58A786AB342F2D272C2F20002E1
:10483000938842F2C67E01339380C2F2000E9EF846
:104840000030E3BB42F2CA7CC2F2000CBCF802307A
:104850000B2B02D39388082B09D8BCF80230042B09
:1048600002D39388142B02D89388332B27D30123A8
:104870008EF8003000239380BCF802200132ACF89F
:1048800002201CE00268520419D442F2D2730022C2
:10489000C2F200038A709A8042F2CA73C2F2000325
:1048A0005A800CE042F2C6730122C2F200038A7001
:1048B0001A7041F6D862C2F2000200231370D0F8D9
:1048C000002C120401D54A78CAB1D0F8002C120489
:1048D00009D54A783AB142F2D272C2F20002538844
:1048E0000133538018E0D0F8002C120414D442F2A3
:1048F000D2730022C2F200034A705A800CE042F2E6
:10490000C7730122C2F200034A701A7041F6D862DE
:10491000C2F20002002313700268920401D5CA7823
:10492000B2B10268920408D5CA7832B142F2D271AB
:10493000C2F20001CA88013208E00268920414D46D
:104940000022CA7042F2D271C2F20001CA800CE0A9
:104950000122CA7042F2C871C2F200010A7041F627
:10496000D861C2F2000100220A70D0F8001C0904CC
:104970000AD4016849045CBF01685FEA814103D43D
:104980000068C00458BF80BD40F6A600C2F2000017
:104990000021018080BD000046F21C00C2F2000030
:1049A00001384FF458710022013900F8012FFBD172
:1049B000704700002DE9F04F81B015460A9A00912A
:1049C00092B31C46074600204FF0000B07E000BFE3
:1049D0000BF1010B0A990FFA8BF0884224DA002CB4
:1049E000F6D0C11700EB5171C91001FB04FA00F0B9
:1049F0000701012202FA01F800994FF00009461858
:104A0000002005E009F101090FFA89F0A042DFDA80
:104A100000EB0A01695C18EA010FF3D00B9A3844E5
:104A2000314600F06FF8EDE701B0BDE8F08F00000F
:104A300080B582B00244013A9C46D2B20B46CDF812
:104A400000C000F011F802B080BD000080B582B057
:104A50000A44013A9C46D3B20246CDF800C000F0A9
:104A600003F802B080BD00002DE9F04F81B0804610
:104A7000581A1F4691460D4609F038F90446A9EB2D
:104A8000080009F033F983468442009408DD4C465F
:104A90004046BD420AD8A046B94604462F4607E024
:104AA0003C464F4628464546BD42F4D98046A94675
:104AB000A8EB040009F01AF94FF0FF36A04588BFB3
:104AC0000126B9451AD3A9EB0708054608EBD870AB
:104AD0004FEA600A0098F9B2E2B25845DABF0846D8
:104AE000114610460A9A00F00DF80137BAEB050A94
:104AF000F8B244BF3444C2444845EBD901B0BDE8E4
:104B0000F08F00005F2898BF432900D97047B0B5E7
:104B1000CB1701F0070E01EB5371C91001EB4101F6
:104B200046F21C0500EB4110C2F200054FF0010CEB
:104B30002B5C0CFA0EF143EA0104002A08BF23EAB9
:104B400001042C54BDE8B040704700002DE9F0414D
:104B5000DDF818801C46434616460D460746FFF70B
:104B600067FF28190138C1B2384632464346FFF77D
:104B70005FFF3846294622464346FFF767FFB819CC
:104B80000138C0B2294622464346FFF75FFFBDE821
:104B9000F081000042F2DD70C2F2000001210170DC
:104BA00042F2DE70C2F200000021017042F2DF70BA
:104BB000C2F20000017070472DE9F04141F2180681
:104BC0000546C4F202064FF400100C463060FDF7B3
:104BD00063FF10204FF01008002D08BF4FF4801025
:104BE0003060FDF759FF08253560FDF755FF4FF49C
:104BF00000273760FDF750FF20064FF0100058BF28
:104C00004FF480103060FDF747FF3560FDF744FF3B
:104C10003760FDF741FF60064FF0100058BF4FF4BA
:104C200080103060FDF738FF3560FDF735FF3760E5
:104C3000FDF732FFA0064FF0100058BF4FF4801070
:104C40003060FDF729FF3560FDF726FF3760FDF77F
:104C500023FFE0064FF0100058BF4FF48010306083
:104C6000FDF71AFF3560FDF717FF3760FDF714FFFA
:104C700020074FF0100058BF4FF480103060FDF750
:104C80000BFF3560FDF708FF3760FDF705FF600794
:104C90004FF0100058BF4FF480103060FDF7FCFE5D
:104CA0003560FDF7F9FE3760FDF7F6FEA0074FF01F
:104CB000100058BF4FF480103060FDF7EDFE3560F6
:104CC000FDF7EAFE3760FDF7E7FEE00708BF4FF4A7
:104CD0008018C6F80080FDF7DFFE3560FDF7DCFECA
:104CE0003760BDE8F08100001020C4F20000002110
:104CF000016042F2DA70C2F20000017042F2DC7030
:104D0000C2F20000017042F2DB70C2F200000170DA
:104D100042F2E070C2F20000018042F2E270C2F2A0
:104D200000000121017070472DE9F04381B046F683
:104D3000641604460230C2F200063070154612783E
:104D40009946884652B108F10207013D307839464C
:104D50000AF01AFEAA780135002AF7D1B9F1000F3E
:104D60000AD030780127001B0130C2B220464146EC
:104D700010230097FFF7EAFE01B0BDE8F0830000C2
:104D800070B546F6641614460D46C2F20006307041
:104D900008E000BF002A08BF70BD307829460AF03D
:104DA000F3FD01342278202AF4D130780134043024
:104DB0003070F7E710B58E4642F2EE71844600205F
:104DC0001923C0F60101724602E000BF043001322F
:104DD0001478202CFAD03CB1203CE4B25C430C5D4A
:104DE000013220440130F3E7C0B2C0F1600000EBB3
:104DF000D070C0F3470061467246FFF7C1FF10BD97
:104E0000F0B581B041F2D50443F20006C2F20004CD
:104E1000C4F200064AF6AA2740F6AC50214640F6F6
:104E2000AC52376008F09CFF207800247B2839D0F2
:104E300041F2D505C2F2000528464621FBF7F1FCF8
:104E400041F658302946462208F0B0FF07F028FE08
:104E500040F20600C2F200003221017041F2CE00A1
:104E6000C2F200001721017041F2CF00C2F200002F
:104E70003B21017041F2D000C2F20000047007F043
:104E8000D5FB41F6FC11C0F60101284640F6AC52B4
:104E900040F6AC54FBF74EFC0020294640F6AC52DD
:104EA00008F084FF41F2D501C2F20001204640F62D
:104EB000AC5208F07BFF0A203760FEF787F93760B5
:104EC00007F04CFA01B0F0BD10B584B046F25C407A
:104ED00001220021C2F2000042F2000CC0F6007272
:104EE000C4F2010C4FF480330124C0E90A210522E9
:104EF000CDE90211CDE90011047680F82010C261DD
:104F000080F83040C0E900C3C0E90211C0E90441A3
:104F1000FDF7C4FE00283FD10A20CDE90004072098
:104F2000029046F25C40C2F200006946FDF72CFE9A
:104F300090BB0B2000900220019046F25C40C2F230
:104F400000006946FDF720FE30BB0C2000900320D6
:104F5000019046F25C40C2F200006946FDF714FE83
:104F6000D0B90D2000900420019046F25C40C2F2BE
:104F700000006946FDF708FE70B911200090052079
:104F8000019046F25C40C2F200006946FDF7FCFD6C
:104F9000002804BF04B010BDFDF778FD80B582B0D5
:104FA0000020019043F63000C4F2020001680022A4
:104FB00041F4800101600068002100F4800001904C
:104FC00001983820FEF706FD3820FEF7FFFC02B0FE
:104FD00080BD00002DE9F04F87B0002543F630007A
:104FE0000695CDE90455CDE902550195C4F20200BC
:104FF000016840F2004641F0100101600168C4F20E
:10500000020601F01001019101990195016806F570
:10501000406B41F0800101600168002201F08001D5
:1050200001910199019501687E2441F0040101601C
:10503000016801F00401019101990195016841F0B5
:1050400001010160016801F00101019101990195DF
:10505000016841F002010160016801F00201019163
:1050600001990195016841F00801016000687E2105
:1050700000F00800019001985846FEF789F9A6F55E
:105080008067384649F66C010022FEF781F906F583
:10509000806948464FF440610022FEF779F906F531
:1050A000006A50469B210022FEF772F93046082123
:1050B0000022FEF76DF9012002AE0294CDE903054E
:1050C0000324584631460594FEF794F808204FF023
:1050D00002080690384631460294CDE903850594CE
:1050E000FEF788F849F66C0002900120CDE903052F
:1050F000384631460594FEF77DF84FF4F06002A97A
:1051000081E8210138463146FEF774F84FF400403B
:1051100002A981E8210158463146FEF76BF840F2BA
:1051200000470720C4F202074FF4406B0690384650
:105130003146CDE902B8CDE90454FEF75BF84FF4EF
:10514000704002A981E8210138463146FEF752F845
:105150004FF47F4002A981E8210150463146FEF715
:1051600049F84FF4707002A981E8210148463146A0
:10517000FEF740F8012748463146CDF808B0CDE9A2
:1051800003750594FEF736F84FF48050CDE9020818
:105190004FF0080B48463146CDE90454CDF818B01D
:1051A000FEF728F89B20CDE902075046314601273B
:1051B000CDE90454FEF71EF80420CDE9020850465C
:1051C0003146CDE90454CDF818B04FF0080BFEF786
:1051D00011F86020CDE902084FF00709504631462A
:1051E000CDE90454CDF81890FEF704F8CDE902B7E4
:1051F00040F20047C4F2020738463146CDE9045474
:10520000FDF7F8FFC020CDE9020838463146CDE968
:105210000454CDF81890FDF7EDFF07B0BDE8F08F0E
:1052200080B546F2045045F20041C2F20000C4F2DB
:10523000000148F2A06200234FF4804CC0F201024A
:1052400080E80E00C0E9033CC0E90533C0E907333C
:10525000FEF7AAF8002808BF80BDFDF717FC000084
:10526000B0B58CB003AC20462421FBF7FCFA46F223
:10527000585040F200410025C2F20000C4F2000183
:10528000C0E9001501214FF6FF72CDE90315CDE904
:105290000515CDE909152146CDE90055C0E90252B1
:1052A00005618561CDE907550B95FEF797FE60B95D
:1052B00046F25850C2F200006946CDE90055FEF7AB
:1052C00031FE002804BF0CB0B0BDFDF7DFFB0000CD
:1052D00041F2CC00C2F200000088C1087C290CD841
:1052E000002100BF00EB80025000B1EB420F08BF6D
:1052F00040F2D240B0F57A7FF4D340F6A801C2F272
:1053000000010A6841F25971CDF2B711A2FB0113F5
:105310005B0B42F2107103FB112252B1D3087C2BBC
:1053200009D800BF02EB82025200B2F57A7FF9D3AE
:1053300001E041F2E10202FB010045F6F871C2F220
:105340000001086070470000FEE700000000000058
:105350002DE9F04F81B02DED048B86B042F6850724
:10536000C2F20007387802280DD145F64240C2F259
:1053700000004178022906D197F90010405CB0FA8C
:1053800080F0400900E0002041F68C61C2F200018B
:105390000870087828B145F6F930C2F20000002202
:1053A000026097F9000010F1020F28DB42F2C7708B
:1053B000C2F20000027812B3097839B142F2D27118
:1053C000C2F200014988B1F5967F18D9397845F6BF
:1053D00042420131397097F90010C2F200020023F5
:1053E000535497F9001042F67B02C2F20002535464
:1053F00041F6DC61C2F2000101220A70037097F9E4
:1054000000000128C0F295853878012840F0C48555
:1054100046F21800C2F200001021017041F6DC6073
:10542000C2F20000017859B13978012941F0CD83E9
:1054300046F21A01C2F2000103220A800021017023
:1054400097F9000045F64249C2F2000919F800A098
:1054500097F9000042F67B01C2F2000111F800B09A
:1054600046F21A0540F208080026C2F20005C2F210
:10547000000800BF2888B1B2884240F231850BEBAA
:105480000600C0B2AAEB000218F806103B78B2FA88
:1054900082F2012B4FEA52130ED140F20D62C0EBA3
:1054A0000010C2F2000202440020FFF73DFC01366A
:1054B000042EDFD100F014BD3A78022A04D199F805
:1054C0000120002A00F02C813A78022A0AD199F8AA
:1054D0000120012A06D140F23A02C0EB0010C2F2CC
:1054E0000002E0E73A78022A0CD199F80120022A5A
:1054F00008D140F22F52C0EBC000C2F2000202EB12
:105500004002D1E73A78032A1AD199F80120BAB9B2
:1055100099F80220012A13D140F2F06200EB00104A
:10552000C2F2000202440020FFF7FEFB97F90000E0
:1055300045F6A74119F80000C2F20001C870B6E7AD
:105540003A78032A11D199F8012072B999F802200A
:10555000042A0AD140F2DF02C2F200022C460D25D5
:10556000BE4610FB052225469EE73A78042A0BD159
:1055700099F8012042B999F80220042A04D199F837
:105580000320002A00F097833A78042A1DD199F865
:105590000120D2B999F80220042A16D199F80320E3
:1055A000012A12D140F2AD02C2F2000202EBC002A7
:1055B0000020FFF7B9FB97F9000045F6A74119F85D
:1055C0000000C2F20001087171E73A78042A14D190
:1055D00099F801208AB999F80220042A0DD199F886
:1055E0000320022A09D1AC4640F2C5050D22C2F2C1
:1055F000000510FB0252654656E73A78032A0DD1A2
:1056000099F8012052B999F80220052A06D140F2F2
:105610003472C0EB0010C2F2000244E73A78032A69
:105620000DD199F8012052B999F80220062A06D125
:1056300040F2FE12C0EB0010C2F2000233E73A78EB
:10564000032A0ED199F80120012A0AD199F80220E3
:10565000022A06D140F28E7200EB0010C2F2000264
:1056600021E73A78042A13D199F80120012A0FD1B1
:1056700099F80220022A0BD199F80320022A07D1B7
:1056800040F220040D22C2F2000410FB02420BE79C
:105690003A78042A13D199F80120012A0FD199F8F8
:1056A0000220022A0BD199F80320062A07D140F2E2
:1056B000B2640D22C2F2000410FB0242F4E63A7812
:1056C000032A0DD199F8012052B999F80220072A2E
:1056D00006D140F23A62C0EB0010C2F20002E2E6EC
:1056E0003A78042A0BD199F8012042B999F802209E
:1056F000072A04D199F80320002A00F0F9823A78A9
:10570000032A14D199F801208AB999F80220082AAD
:105710000DD140F2CC42C0EB0010C2F20002C2E652
:1057200040F23A22C0EB0010C2F20002BBE63A7827
:10573000032A0ED199F80120012A0AD199F80220F2
:10574000032A06D140F28562C0EB0010C2F20002CB
:10575000A9E63A78042A0CD199F80120012A08D147
:1057600099F80220032A04D199F80320002A00F0B6
:10577000AA823A78042A1FD199F80120012A1BD164
:1057800099F80220032A17D199F80320012A13D18E
:1057900040F29B0200EBC000C2F200020244002073
:1057A000FFF7C2FA97F9000045F6A74119F8000083
:1057B000C2F2000108737AE63A78042A1FD199F8F8
:1057C0000120012A1BD199F80220032A17D199F848
:1057D0000320022A13D140F29B0200EBC000C2F268
:1057E000000202440020FFF79FFA97F9000045F6F7
:1057F000A74119F80000C2F20001487357E63A7851
:10580000032A0DD199F8012052B999F80220092AEA
:1058100006D140F25952C2F2000202EB001243E6F6
:105820003A78042A0BD199F8012042B999F802205C
:10583000092A04D199F80320002A00F083823A78DB
:10584000032A0ED199F801205AB999F802200A2AA0
:1058500007D140F28502C2F200020B2410FB0422A1
:1058600022E63A78042A0BD199F8012042B999F836
:1058700002200A2A04D199F80320002A00F0798234
:105880003A78042A1FD199F80120E2B999F8022048
:105890000A2A18D199F80320012A14D140F2D862BB
:1058A00000EB4000C2F2000202EB40020020FFF7D2
:1058B0003BFA97F9000045F6A74119F80000C2F23B
:1058C0000001C871F3E53A78032A0ED199F8012056
:1058D0005AB999F802200B2A07D140F2E8140B229A
:1058E000C2F2000410FB0242DEE53A78042A0BD132
:1058F00099F8012042B999F802200B2A04D199F8AD
:105900000320002A00F04B823A78042A1FD199F82C
:105910000120E2B999F802200B2A18D199F8032046
:10592000012A14D140F2CC6200EB4000C2F2000226
:1059300002EB40020020FFF7F7F997F9000045F667
:10594000A74119F80000C2F200018872AFE53A7869
:10595000032A0DD199F8012052B999F802200C2A96
:1059600006D140F20E0200EBC000C2F200029AE53E
:105970003A78042A0BD199F8012042B999F802200B
:105980000C2A04D199F80320002A00F027823A78E3
:10599000032A08D199F80120012A04D199F802209C
:1059A000002A00F0BA813A78032A10D199F8012030
:1059B000012A0CD199F80220012A08D140F217528D
:1059C00000EB4000C2F2000202EB80026CE53A7884
:1059D000042A0CD199F80120012A08D199F8022053
:1059E000012A04D199F80320002A00F0ED813A78C9
:1059F000042A14D199F80120012A10D199F8022023
:105A0000012A0CD199F80320012A08D140F248322A
:105A1000C0EBC000C2F2000202EB400244E53A785B
:105A2000052A0ED199F80120012A0AD199F80220FD
:105A3000012A06D199F803201AB999F80420042AFA
:105A400012D03A78052A18D199F80120012A14D1E8
:105A500099F80220012A10D199F80320012A0CD1CB
:105A600099F80420042A08D140F2964200EBC000C5
:105A7000C2F2000202EB400216E53A78052A0ED186
:105A800099F80120012A0AD199F80220012A06D1A9
:105A900099F803201AB999F80420052A12D03A7807
:105AA000052A18D199F80120012A14D199F8022069
:105AB000012A10D199F80320012A0CD199F8042069
:105AC000052A08D140F24E4200EBC000C2F20002AB
:105AD00002EB4002E8E43A78062A13D199F8012053
:105AE000012A0FD199F80220012A0BD199F803203D
:105AF00042B999F80420042A04D199F80520002A13
:105B000000F0AD813A78062A14D199F80120012AD3
:105B100010D199F80220012A0CD199F80320012A0A
:105B200008D199F80420042A04D199F80520002A04
:105B300000F069813A78062A13D199F80120012AE8
:105B40000FD199F80220012A0BD199F8032042B90C
:105B500099F80420052A04D199F80520002A00F0BC
:105B600093813A78062A14D199F80120012A10D19C
:105B700099F80220012A0CD199F80320012A08D1B2
:105B800099F80420052A04D199F80520002A00F08C
:105B900050813A78052A18D199F80120012A14D1A8
:105BA00099F80220012A10D199F803206AB999F8CE
:105BB0000420062A09D140F28E1200EBC000C2F286
:105BC000000202EB4002FFF76FBC3A78062A13D1BD
:105BD00099F80120012A0FD199F80220012A0BD14E
:105BE00099F8032042B999F80420062A04D199F8BB
:105BF0000520002A00F05D813A78062A28D199F81C
:105C00000120012A24D199F80220012A20D199F8F3
:105C10000320EAB999F80420042A19D199F805203B
:105C2000022A15D140F29B0200EBC000C2F2000232
:105C300002440020FFF778F897F9000045F6A741E5
:105C400019F80000C2F2000181F84400FFF72FBCF0
:105C50003A78062A7FF42BAC99F80120012A7FF4C8
:105C600026AC99F80220012A7FF421AC99F8032090
:105C7000012A7FF41CAC99F80420042A7FF417ACA5
:105C800099F80520022A7FF412AC40F29B0200EB47
:105C9000C000C2F2000202440020FFF745F897F965
:105CA000000045F6A74119F80000C2F2000181F892
:105CB0004500FFF7FCBB40F2061200EB0010C2F2F9
:105CC0000002FFF7F0BB40F29B0200EBC000C2F203
:105CD000000202440020FFF727F897F9000045F67C
:105CE000A74119F80000C2F20001C872FFF7DFBB3C
:105CF00040F29B0200EBC000C2F20002024400200E
:105D0000FFF712F897F9000045F6A74119F80000CF
:105D1000C2F200014871FFF7CABB40F60502C0EBB2
:105D2000C000C2F2000202440020FEF7FDFF97F916
:105D3000000045F6A74119F80000C2F200014870C2
:105D4000FFF7B5BB40F2E95200EB4000C2F200029F
:105D500002EB80020020FEF7E7FF97F9000045F60E
:105D6000A74119F80000C2F2000181F83D00FFF7D9
:105D70009EBB40F2CC6200EB4000C2F2000202EB9C
:105D800040020020FEF7D0FF97F9000045F6A7413A
:105D900019F80000C2F200018871FFF788BB40F2D9
:105DA0009B0200EBC000C2F2000202440020FEF79A
:105DB000BBFF97F9000045F6A74119F80000C2F2B1
:105DC00000014872FFF773BB40F29C32C0EBC00089
:105DD000C2F2000202EB4002FFF766BB40F29B02F8
:105DE00000EBC000C2F2000202440020FEF79CFF5C
:105DF00097F9000045F6A74119F80000C2F200012A
:105E00000872FFF754BB40F21B32C0EB0010C2F225
:105E1000000202440020FEF787FF97F9000045F6D4
:105E2000A74119F80000C2F2000181F83200FFF723
:105E30003EBB40F2FD22C0EB0010C2F20002024461
:105E40000020FEF771FF97F9000045F6A74119F809
:105E50000000C2F2000181F83400FFF728BB40F2D5
:105E60001E42C2F2000202EB00120020FEF75CFFAD
:105E700097F9000045F6A74119F80000C2F20001A9
:105E800081F83100FFF713BB40F2FE32C2F200028C
:105E900002EB00120020FEF747FF97F9000045F6DD
:105EA000A74119F80000C2F2000181F83300FFF7A2
:105EB000FEBA40F2B21200EBC000C2F2000202EBE6
:105EC00040020020FEF730FF97F9000045F6A74199
:105ED00019F80000C2F2000181F83500FFF7E7BAB7
:105EE00046F24070C2F2000064210170288801214E
:105EF0000138C0B206F022FC38780321FBF7D8FC49
:105F000097F90000032808DB45F64240C2F2000082
:105F10004178022901D1807858B141F6D960C2F2A6
:105F200000000021017040F20700C2F200000121D0
:105F3000017097F9000010F1020F27DB42F2C870E0
:105F4000C2F20000017809B341F6D961C2F2000142
:105F5000097839B142F2D271C2F20001C988B1F5B3
:105F6000967F13D93978012905D141F2D401C2F2C3
:105F7000000101220A70397801220139397041F695
:105F8000DC61C2F200010A700021017006B0BDECB4
:105F9000048B01B0BDE8F08F3878022807D145F6B0
:105FA0004240C2F20000407800283FF431AA38781D
:105FB000022807D145F64240C2F20000407801288D
:105FC0003FF426AA3878022807D145F64240C2F2AB
:105FD0000000407802283FF41BAA3878032809D132
:105FE00045F64240C2F20000417819B98078012894
:105FF0003FF40EAA3878032809D145F64240C2F290
:106000000000417819B9807804283FF401AA387853
:1060100004280CD145F64240C2F20000417831B963
:106020008178042903D1C07800283FF4F1A9387899
:1060300004280CD145F64240C2F20000417831B943
:106040008178042903D1C07801283FF4E1A9387888
:1060500004280CD145F64240C2F20000417831B923
:106060008178042903D1C07802283FF4D1A9387877
:10607000032809D145F64240C2F20000417819B91F
:10608000807805283FF4C4A93878032809D145F65B
:106090004240C2F20000417819B9807806283FF4E6
:1060A000B7A93878032809D145F64240C2F200006A
:1060B000417819B9807807283FF4AAA938780428CC
:1060C0000CD145F64240C2F20000417831B98178E6
:1060D000072903D1C07800283FF49AA9387803280B
:1060E00009D145F64240C2F20000417819B98078E2
:1060F00008283FF48DA93878032809D145F6424095
:10610000C2F20000417819B9807809283FF480A9CB
:10611000387804280CD145F64240C2F2000041789C
:1061200031B98178092903D1C07800283FF470A9DA
:106130003878032809D145F64240C2F20000417880
:1061400019B980780A283FF463A9387804280CD15B
:1061500045F64240C2F20000417831B981780A29FF
:1061600003D1C07800283FF453A9387804280CD113
:1061700045F64240C2F20000417831B981780A29DF
:1061800003D1C07801283FF443A93878032809D106
:1061900045F64240C2F20000417819B980780B28D8
:1061A0003FF436A9387804280CD145F64240C2F2B3
:1061B0000000417831B981780B2903D1C0780028DB
:1061C0003FF426A9387804280CD145F64240C2F2A3
:1061D0000000417831B981780B2903D1C0780128BA
:1061E0003FF416A93878032809D145F64240C2F297
:1061F0000000417819B980780C283FF409A9387853
:1062000004280CD145F64240C2F20000417831B971
:1062100081780C2903D1C07800283FF4F9A8387898
:1062200003280AD145F64240C2F200004178012914
:1062300003D1807802283FF4EBA8387804280DD1E8
:1062400045F64240C2F200004178012906D181782A
:10625000022903D1C07802283FF4DAA8387804284C
:106260000DD145F64240C2F200004178012906D125
:106270008178022903D1C07806283FF4C9A838786C
:1062800003280AD145F64240C2F2000041780129B4
:1062900003D1807803283FF4BBA8387804280DD1B7
:1062A00045F64240C2F200004178012906D18178CA
:1062B000032903D1C07800283FF4AAA8387804281D
:1062C0000DD145F64240C2F200004178012906D1C5
:1062D0008178032903D1C07801283FF499A8387840
:1062E00004280DD145F64240C2F200004178012950
:1062F00006D18178032903D1C07802283FF488A809
:10630000387803280AD145F64240C2F200004178AD
:10631000012903D1807800283FF47AA8387803282F
:106320000AD145F64240C2F200004178012903D16A
:10633000807801283FF46CA8387804280DD145F600
:106340004240C2F200004178012906D1817801293A
:1063500003D1C07800283FF45BA8387804280DD119
:1063600045F64240C2F200004178012906D1817809
:10637000012903D1C07801283FF44AA838780528BC
:106380000FD145F64240C2F200004178012908D100
:106390008178012905D1C17819B9007904283FF421
:1063A00037A83878052810D145F64240C2F20000DF
:1063B0004178012909D18178012906D1C1780129C3
:1063C00003D1007904283FF423A8387805280FD199
:1063D00045F64240C2F200004178012908D1817897
:1063E000012905D1C17819B9007905283FF410A811
:1063F0003878052810D145F64240C2F200004178B5
:10640000012909D18178012906D1C178012903D157
:10641000007905283EF4FCAF3878062812D145F6FD
:106420004240C2F20000417801290BD18178012954
:1064300008D1C17831B90179042903D14079002804
:106440003EF4E6AF3878062813D145F64240C2F252
:106450000000417801290CD18178012909D1C17846
:10646000012906D10179042903D1407900283EF49D
:10647000CFAF3878062812D145F64240C2F200006C
:10648000417801290BD18178012908D1C17831B92E
:106490000179052903D1407900283EF4B9AF387855
:1064A000062813D145F64240C2F200004178012986
:1064B0000CD18178012909D1C178012906D101794E
:1064C000052903D1407900283EF4A2AF3878052889
:1064D0000FD145F64240C2F200004178012908D1AF
:1064E0008178012905D1C17819B9007906283EF4CF
:1064F0008FAF3878062812D145F64240C2F200002C
:10650000417801290BD18178012908D1C17831B9AD
:106510000179062903D1407900283EF479AF387813
:10652000062812D145F64240C2F200004178012906
:106530000BD18178012908D1C17831B901790429B9
:1065400003D1407902283EF463AF3878062813D18E
:1065500045F64240C2F20000417801290CD1817811
:10656000012909D1C178012906D10179042903D172
:10657000407902283EF44CAF3878032809D145F61B
:106580004240C2F20000417819B98078002800F03A
:10659000EA823878032809D145F64240C2F2000069
:1065A000417819B98078032800F0DD823878052811
:1065B0000ED145F64240C2F20000417841B98178DF
:1065C000042905D1C17819B90079002800F0CB82DF
:1065D000387805280ED145F64240C2F200004178D5
:1065E00041B98178042905D1C17819B90079012808
:1065F00000F0B982387805280ED145F64240C2F243
:106600000000417841B98178042905D1C17819B9D0
:106610000079022800F0A782387805280ED145F6C7
:106620004240C2F20000417841B98178042905D185
:10663000C17819B90079032800F0958238780528C7
:106640000ED145F64240C2F20000417841B981784E
:10665000042905D1C17819B90079042800F0838292
:10666000387805280ED145F64240C2F20000417844
:1066700041B98178042905D1C17819B90079052873
:1066800000F07182387805280ED145F64240C2F2FA
:106690000000417841B98178042905D1C17819B940
:1066A0000079062800F05F82387805280ED145F67B
:1066B0004240C2F20000417841B98178042905D1F5
:1066C000C17819B90079072800F04D82387805287B
:1066D0000FD145F64240C2F20000417849B98178B5
:1066E000042906D1C178022903D10079002800F0DD
:1066F0003A82387804280CD145F64240C2F20000B4
:10670000417831B98178052903D1C078002800F09B
:106710002A82387804280CD145F64240C2F20000A3
:10672000417831B98178052903D1C078012800F07A
:106730001A82387804280CD145F64240C2F2000093
:10674000417831B98178052903D1C078022800F059
:106750000A82387804280CD145F64240C2F2000083
:10676000417831B98178052903D1C078032800F038
:10677000FA81387804280CD145F64240C2F2000074
:10678000417831B98178062903D1C078002800F01A
:10679000EA81387804280CD145F64240C2F2000064
:1067A000417831B98178062903D1C078012800F0F9
:1067B000DA81387804280CD145F64240C2F2000054
:1067C000417831B98178062903D1C078022800F0D8
:1067D000CA81387804280CD145F64240C2F2000044
:1067E000417831B98178062903D1C078032800F0B7
:1067F000BA81387804280DD145F64240C2F2000033
:106800004178012906D18178022903D1C078002876
:1068100000F0A981387804280DD145F64240C2F233
:1068200000004178012906D18178022903D1C0787E
:10683000012800F098813878052810D145F64240AB
:10684000C2F200004178012909D18178022906D1DC
:10685000C178022903D10079002800F084813878BA
:1068600004280DD145F64240C2F2000041780129CA
:1068700006D18178022903D1C078032800F0738102
:10688000387804280DD145F64240C2F20000417824
:10689000012906D18178022903D1C078042800F0AB
:1068A0006281387804280DD145F64240C2F20000DA
:1068B0004178012906D18178022903D1C0780528C1
:1068C00000F051813878052810D145F64240C2F2D7
:1068D00000004178012909D18178022906D1C178C7
:1068E000062903D10079002800F03D813878052879
:1068F00010D145F64240C2F200004178012909D189
:106900008178022906D1C178062903D100790128AE
:1069100000F02981387804280CD145F64240C2F2B3
:106920000000417831B98178072903D1C078012866
:1069300000F01981387804280CD145F64240C2F2A3
:106940000000417831B98178072903D1C078022845
:1069500000F00981387804280CD145F64240C2F293
:106960000000417831B98178072903D1C078032824
:1069700000F0F980387804280CD145F64240C2F284
:106980000000417831B98178082903D1C078002806
:1069900000F0E980387804280CD145F64240C2F274
:1069A0000000417831B98178082903D1C0780128E5
:1069B00000F0D980387804280CD145F64240C2F264
:1069C0000000417831B98178082903D1C0780228C4
:1069D00000F0C980387804280CD145F64240C2F254
:1069E0000000417831B98178082903D1C0780328A3
:1069F00000F0B980387804280CD145F64240C2F244
:106A00000000417831B98178082903D1C078042881
:106A100000F0A980387804280CD145F64240C2F233
:106A20000000417831B98178092903D1C078032861
:106A300000F09980387804280CD145F64240C2F223
:106A40000000417831B98178092903D1C078042840
:106A500000F08980387804280BD145F64240C2F214
:106A60000000417829B98178092902D1C078052828
:106A700079D0387804280BD145F64240C2F20000A4
:106A8000417829B98178092902D1C07806286AD0CD
:106A9000387804280BD145F64240C2F20000417814
:106AA00029B981780C2902D1C07801285BD03878C7
:106AB000062811D145F64240C2F200004178012972
:106AC0000AD18178012907D1C17829B9017905292D
:106AD00002D14079022846D03878062811D145F6EF
:106AE0004240C2F20000417801290AD1817801298F
:106AF00007D1C17829B90179052902D14079032844
:106B000031D03878062812D145F64240C2F2000052
:106B1000417801290BD18178012908D1C178012957
:106B200005D10179052902D1407902281BD0387896
:106B3000062840F00C8645F64240C2F2000041783B
:106B4000012940F004868178012940F00086C1784F
:106B5000012940F0FC850179052940F0F88540794C
:106B6000032840F0F48541F6DC60C2F200000178B1
:106B7000002901F0368446F21A01C2F20001C8224F
:106B80000A803A78032A09D145F64242C2F200024D
:106B900053781BB99378002B01F065833A78032A68
:106BA00040F0718345F64242C2F200025378002B56
:106BB00040F069839378032B40F0658345F6A74343
:106BC000C2F200039B7B01F0D9BB3978022907D1BF
:106BD00045F64241C2F200014978002900F02881BF
:106BE000397802290DD145F64241C2F200014978B7
:106BF000012906D146F21A01C2F200010522FEF770
:106C00001CBC3978022907D145F64241C2F2000185
:106C1000497802293EF40CAC3978032911D145F6A4
:106C20004241C2F200014A785AB98A78012A08D151
:106C300045F6A742C2F20002D27897F90030CA5452
:106C40009CE03978032909D145F64241C2F200019E
:106C50004A781AB9897804293EF4EAAB39780429CC
:106C60000CD145F64241C2F200014A7832B98A7825
:106C7000042A03D1C978002900F0E784397804296F
:106C800012D145F64241C2F200014A7862B98A78CF
:106C9000042A09D1CA78012A06D145F6A742C2F2D0
:106CA0000002127901F098BA397804290CD145F61E
:106CB0004241C2F200014A7832B98A78042A03D1EB
:106CC000C978022901F0C8823978032908D145F62C
:106CD0004241C2F200014A7812B9897805294DD0A3
:106CE0003978032908D145F64241C2F200014A78B9
:106CF00012B98978062941D03978032910D145F68F
:106D00004241C2F200014A78012A09D18978022958
:106D100006D146F21A01C2F200010722FEF78DBB2E
:106D2000397804290DD145F64241C2F200014A7872
:106D3000012A06D18A78022A03D1C978022901F0F2
:106D40008B82397804290DD145F64241C2F2000107
:106D50004A78012A06D18A78022A03D1C9780629FD
:106D600001F07A82397803290FD145F64241C2F207
:106D700000014A784AB98978072906D146F21A01F2
:106D8000C2F200010422FEF758BB397804290CD165
:106D900045F64241C2F200014A7832B98A78072AA0
:106DA00003D1CA78002A01F04A813978032909D130
:106DB00045F64241C2F200014A781AB98978082999
:106DC0003FF418AF397803290AD145F64241C2F29F
:106DD00000014A78012A03D1897803293EF428ABBF
:106DE000397804290DD145F64241C2F200014A78B2
:106DF000012A06D18A78032A03D1CA78002A01F031
:106E00001881397804291AD145F64241C2F20001AD
:106E10004A78012A13D18A78032A10D1CA78012A24
:106E20000DD145F6A742C2F20002127B01F011BA61
:106E300046F21A01C2F200010D22FEF7FEBA3978BD
:106E4000042913D145F64241C2F200014A78012AD1
:106E50000CD18A78032A09D1CA78022A06D145F6CC
:106E6000A742C2F20002527B01F0F3B9397803293C
:106E70000FD145F64241C2F200014A784AB98978F9
:106E8000092906D146F21A01C2F200010922FEF7D1
:106E9000D4BA397804290CD145F64241C2F2000136
:106EA0004A7832B98A78092A03D1CA78002A01F0CF
:106EB0008D813978032909D145F64241C2F200019A
:106EC0004A781AB989780A2901F0C68139780429E3
:106ED0000CD145F64241C2F200014A7832B98A78B3
:106EE0000A2A03D1CA78002A01F08381397804295B
:106EF00012D145F64241C2F200014A7862B98A785D
:106F00000A2A09D1CA78012A06D145F6A742C2F257
:106F10000002D27901F060B93978032909D145F628
:106F20004241C2F200014A781AB989780B2901F06E
:106F30009381397804290CD145F64241C2F200010F
:106F40004A7832B98A780B2A03D1CA78002A01F02C
:106F500056813978042912D145F64241C2F2000126
:106F60004A7862B98A780B2A09D1CA78012A06D1EF
:106F700045F6A742C2F20002927A01F06AB9397866
:106F8000032909D145F64241C2F200014A781AB9F3
:106F900089780C2901F06081397804290CD145F6F3
:106FA0004241C2F200014A7832B98A780C2A03D1F0
:106FB000CA78002A01F04881397802290DD145F6B6
:106FC0004241C2F200014978022906D146F21A0173
:106FD000C2F200010122FEF730BA397803290AD142
:106FE00045F64241C2F200014A78012A03D18A786B
:106FF000002A01F0E480397803290AD145F642419C
:10700000C2F200014A78012A03D18978012901F0EE
:107010002381397804290DD145F64241C2F200019D
:107020004A78012A06D18A78012A03D1C978002931
:107030003FF46FAE3978042913D145F64241C2F2CC
:1070400000014A78012A0CD18A78012A09D1C9782D
:10705000012906D146F21A01C2F200010622FEF70A
:10706000ECB9397805290FD145F64241C2F2000149
:107070004A78012A08D18A78012A05D1CA781AB932
:10708000097904293EF4D4A93978052910D145F6A7
:107090004241C2F200014A78012A09D18A78012AC4
:1070A00006D1CA78012A03D1097904293EF4C0A97E
:1070B000397805290FD145F64241C2F200014A78DC
:1070C000012A08D18A78012A05D1CA781AB9097922
:1070D00005293FF453AE3978052910D145F64241D0
:1070E000C2F200014A78012A09D18A78012A06D120
:1070F000CA78012A03D1097905293FF43FAE3978CE
:10710000062912D145F64241C2F200014A78012A0D
:107110000BD18A78012A08D1CA7832B90A79042AAF
:1071200003D14A79002A01F02F813978062913D139
:1071300045F64241C2F200014A78012A0CD18A7810
:10714000012A09D1CA78012A06D10A79042A03D171
:107150004A79002A01F0F1803978062912D145F6E2
:107160004241C2F200014A78012A0BD18A78012AF1
:1071700008D1CA7832B90A79052A03D14A79002A96
:1071800001F009813978062913D145F64241C2F24E
:1071900000014A78012A0CD18A78012A09D1CA78DB
:1071A000012A06D10A79052A03D14A79002A01F079
:1071B000CB80397805290FD145F64241C2F2000152
:1071C0004A78012A08D18A78012A05D1CA781AB9E1
:1071D0000979062901F040803978062912D145F64F
:1071E0004241C2F200014A78012A0BD18A78012A71
:1071F00008D1CA7832B90A79062A03D14A79002A15
:1072000001F0BC873978062919D145F64241C2F20E
:1072100000014A78012A12D18A78012A0FD1CA784E
:107220006AB90A79042A0AD14A79022A07D145F6AD
:10723000A742C2F2000292F8442001F00AB839785D
:1072400006297EF4FBA845F64241C2F200014A78C5
:10725000012A7EF4F3A88A78012A7EF4EFA8CA787E
:10726000012A7EF4EBA80A79042A7EF4E7A84A7979
:10727000022A7EF4E3A845F6A742C2F2000292F881
:10728000452000F0E6BF3A78052A0ED145F6424285
:10729000C2F20002537843B99378042B05D1D37816
:1072A0001BB91379002B01F056803A78052A14D1C6
:1072B00045F64242C2F20002537873B99378042B28
:1072C0000BD1D3784BB91379012B06D145F6A743DF
:1072D000C2F200031B7C01F051B83A78052A1AD19A
:1072E00045F64242C2F200025378A3B99378042BC8
:1072F00011D1D3787BB91379022B0CD145F6A74372
:10730000C2F200035B7C3E4697F90070D3553746C6
:107310000A2201F053B83A78052A14D145F64242C0
:10732000C2F20002537873B99378042B0BD1D3784F
:107330004BB91379032B06D145F6A743C2F20003DC
:107340009B7C01F01BB83A78052A13D145F64242DE
:10735000C2F2000253786BB99378042B0AD1D37828
:1073600043B91379042B05D145F6A743C2F20003B4
:10737000DB7C0DE13A78052A13D145F64242C2F290
:10738000000253786BB99378042B0AD1D37843B9B0
:107390001379052B05D145F6A743C2F200031B7DE7
:1073A00015E03A78052A1AD145F64242C2F20002A7
:1073B0005378A3B99378042B11D1D3787BB913797F
:1073C000062B0CD145F6A743C2F200035B7D3E4677
:1073D00097F90070D35537461E2200F0EFBF3A7878
:1073E000052A14D145F64242C2F20002537873B91D
:1073F0009378042B0BD1D3784BB91379072B06D193
:1074000045F6A743C2F20003DB7E00F0B7BF3A782F
:10741000052A0FD145F64242C2F2000253784BB919
:107420009378042B06D1D378022B03D11379002B48
:1074300000F077873A78042A0CD145F64242C2F22E
:107440000002537833B99378052B03D1D378002BFE
:1074500000F015873A78042A12D145F64242C2F26A
:107460000002537863B99378052B09D1D378012BA7
:1074700006D145F6A743C2F200031B7E00F004BF0D
:107480003A78042A18D145F64242C2F200025378F3
:1074900093B99378052B0FD1D378022B0CD145F6F5
:1074A000A743C2F200033D465F7E95F90060975501
:1074B0009A782F4600F082BF3A78042A18D145F610
:1074C0004242C2F20002537893B99378052B0FD150
:1074D000D378032B0CD145F6A743C2F200039B7E61
:1074E0003E4697F90070D3553746032200F066BF39
:1074F0003A78042A0CD145F64242C2F2000253788F
:1075000033B99378062B03D1D378002B00F0FD8696
:107510003A78042A12D145F64242C2F20002537868
:1075200063B99378062B09D1D378012B06D145F6A0
:10753000A743C2F200035B7F00F020BF3A78042A21
:1075400012D145F64242C2F20002537863B99378F1
:10755000062B09D1D378022B06D145F6A743C2F2F8
:1075600000039B7F00F0D6BE3A78042A18D145F676
:107570004242C2F20002537893B99378062B0FD19E
:10758000D378032B0CD145F6A743C2F20003DB7F6F
:107590003E4697F90070D3553746FA2200F00EBFE9
:1075A0003A78042A0DD145F64242C2F200025378DD
:1075B000012B06D19378022B03D1D378002B00F056
:1075C0009D863A78042A14D145F64242C2F200025E
:1075D0005378012B0DD19378022B0AD1D378012B4C
:1075E00007D145F6A743C2F2000393F8213000F01B
:1075F000C5BE3A78052A10D145F64242C2F20002D1
:107600005378012B09D19378022B06D1D378022B22
:1076100003D11379002B00F0A4863A78042A1BD1F9
:1076200045F64242C2F200025378012B14D19378FE
:10763000022B11D1D378032B0ED145F6A743C2F20A
:10764000000393F8223000F099BE46F21A01C2F20C
:1076500000010822FDF7F1BE3A78042A14D145F65C
:107660004242C2F200025378012B0DD19378022BD3
:107670000AD1D378042B07D145F6A743C2F2000301
:1076800093F8233000F07ABE3A78042A14D145F6F4
:107690004242C2F200025378012B0DD19378022BA3
:1076A0000AD1D378052B07D145F6A743C2F20003D0
:1076B00093F8253000F07CBE3A78052A10D145F6C3
:1076C0004242C2F200025378012B09D19378022B77
:1076D00006D1D378062B03D11379002B00F06286F4
:1076E0003A78052A17D145F64242C2F20002537891
:1076F000012B10D19378022B0DD1D378062B0AD110
:107700001379012B07D145F6A743C2F2000393F882
:10771000433000F04DBE3A78042A40F0A88045F688
:107720004242C2F200025378002B40F0A0809378CE
:10773000072B40F09C80D378012B40F0988045F6D1
:10774000A743C2F2000393F8283000F017BE97F960
:10775000000005282DDB97F90000072829DC45F6F5
:107760004240C2F200004178012922D181780229E9
:107770001FD1C17802291CD10179012919D141F603
:10778000DC61C2F2000145790B783A78002B02F0F7
:107790006281052A42F0738145F6A742C2F20002D7
:1077A000927846F21A03013AC2F200031A8003F0FB
:1077B0003FB997F9000005282DDB97F9000008284C
:1077C00029DC45F64240C2F20000417819BB8178BD
:1077D000042920D1C17802291DD1017901291AD1AA
:1077E00041F6DC61C2F2000190F805800B783A782E
:1077F000002B02F0B581052A42F0358445F6A742F8
:10780000C2F20002927846F21A03013AC2F2000371
:107810001A8003F03BBE97F9000003283DDB97F97F
:107820000000062839DC45F64240C2F200004178EB
:1078300099BB8178022930D141F6DC61C2F20001A6
:10784000C6780B783A78002B01F0A0843C46032AD6
:1078500041F0AE8445F6A742C2F20002927846F2A9
:107860001A03013AC2F200031A8002F03CBC3A78D3
:10787000042A41D145F64242C2F200025378DBBBF2
:107880009378072B38D1D378022B35D145F6A7430F
:10789000C2F2000393F82930C4E397F900000428EA
:1078A00045DB97F90000052841DC45F64240C2F26D
:1078B00000004178D9BB8178092938D1C1780129E4
:1078C00035D141F6DC61C2F2000106790B783A78D5
:1078D000BB46002B01F0D686042A41F0338745F6DB
:1078E000A742C2F20002927846F21A03013AC2F2AB
:1078F00000031A8001F03CBF3A78042A40F0B380BC
:1079000045F64242C2F200025378002B40F0AB80B1
:107910009378072B40F0A780D378032B40F0A38007
:1079200045F6A743C2F2000393F82A307AE397F9A9
:107930000000042829DB97F90000062825DC45F61D
:107940004240C2F200004178F9B9817809291CD17E
:10795000C178022919D141F6DC61C2F20001057932
:107960000B783A78002B01F09D86042A41F0A3871A
:1079700045F6A742C2F20002927846F21A03013A93
:10798000C2F200031A8002F0A3BC97F90000062897
:1079900036DB97F90000092832DC45F64240C2F296
:1079A0000000417801292BD18178012928D1C178A3
:1079B00031BB0179062923D14179012920D141F632
:1079C000DC61C2F2000185790B783A7845F6DB7B01
:1079D00045F6D17845F6C77A002BC2F2000BC2F209
:1079E0000008C2F2000A03F0E981062A43F09283FC
:1079F00046F21A02C2F200020423138003F07CBE96
:107A000097F9000004285ADB97F90000052856DC96
:107A100045F64240C2F20000417800294FD18178FA
:107A200009294CD1C178072949D141F6DC61C2F25C
:107A3000000105790B783A7841F6E066002BC2F236
:107A4000000601F04486042A41F04E8745F6A7421D
:107A5000C2F20002927846F21A03023AC2F200031E
:107A60001A8001F05ABF3A78042A0CD145F64242F6
:107A7000C2F20002537833B99378082B03D1D3783C
:107A8000002B00F075843A78042A40F05E8145F6B8
:107A90004242C2F200025378002B40F056819378A4
:107AA000082B40F05281D378012B40F04E8145F6EF
:107AB000A743C2F2000393F82C3000F05FBC97F9A3
:107AC0000000052813DB97F9000006280FDC45F6B7
:107AD0004240C2F200004178012908D18178012991
:107AE00005D1C17819B90179002901F0008697F90B
:107AF0000000052828DB97F90000062824DC45F65D
:107B00004240C2F20000417801291DD1817801294B
:107B10001AD1C178C1B90179012915D141F6DC61C9
:107B2000C2F2000190F805800B783A78002B02F041
:107B30006482052A42F08A8446F21A02C2F20002E6
:107B40001923138002F09DBC97F90000052828DB5B
:107B500097F90000062824DC45F64240C2F20000F6
:107B6000417801291DD1817801291AD1C178C1B983
:107B70000179022915D141F6DC61C2F2000190F8C9
:107B800005800B783A78002B02F04982052A42F0F2
:107B9000068546F21A02C2F200021423138002F094
:107BA00019BD97F90000052828DB97F90000062881
:107BB00024DC45F64240C2F20000417801291DD183
:107BC000817801291AD1C178C1B90179032915D168
:107BD00041F6DC61C2F2000190F805800B783A783A
:107BE000002B02F02E82052A42F0878546F21A0207
:107BF000C2F200021923138002F09ABD97F9000027
:107C000006282BDB97F90000072827DC45F64240C1
:107C1000C2F200004178012920D1817801291DD1CB
:107C2000C178D9B90179042918D14179012915D12F
:107C300041F6DC61C2F2000190F806900B783A78C8
:107C4000002B03F02C82062A43F0758246F21A02BA
:107C5000C2F200020C23138003F088BA97F90000E7
:107C600006282BDB97F90000072827DC45F6424061
:107C7000C2F200004178012920D1817801291DD16B
:107C8000C178D9B90179052918D14179012915D1CE
:107C900041F6DC61C2F2000190F806800B783A7878
:107CA000002B03F02582062A43F0F18246F21A02E5
:107CB000C2F200021023138003F004BB97F9000006
:107CC000052814DB97F90000062810DC45F6424031
:107CD000C2F200004178012909D18178012906D139
:107CE000C178012903D10179002901F0628397F954
:107CF0000000052844DB97F90000062840DC45F623
:107D00004240C2F200004178012939D1817801292D
:107D100036D1C178012933D10179012930D141F619
:107D2000DC61C2F2000190F805800B783A78002BF4
:107D300001F0BD86052A41F04E8746F21A02C2F2D2
:107D400000020F23138001F061BF3A78042A40F04B
:107D5000A48045F64242C2F200025378002B40F064
:107D60009C809378082B40F09880D378022B40F0C9
:107D7000948045F6A743C2F2000393F82D30FDE24C
:107D800097F90000052829DB97F90000062825DC73
:107D900045F64240C2F20000417801291ED18178A7
:107DA00001291BD1C178012918D10179022915D1E6
:107DB00041F6DC61C2F2000190F805800B783A7858
:107DC000002B01F08686052A41F0BE8746F21A0292
:107DD000C2F200020F23138001F0D1BF97F9000017
:107DE000052829DB97F90000062825DC45F64240E6
:107DF000C2F20000417801291ED1817801291BD1EE
:107E0000C178012918D10179032915D141F6DC6126
:107E1000C2F2000190F805800B783A78002B01F04F
:107E20006A86052A42F03E8046F21A02C2F2000239
:107E30000F23138002F051B897F90000062844DBA5
:107E400097F90000072840DC45F64240C2F20000E6
:107E50004178012939D18178012936D1C1780129A8
:107E600033D10179042930D1417901292DD141F64D
:107E7000DC61C2F2000190F806900B783A78002B92
:107E800002F06387062A42F0AF8746F21A02C2F276
:107E900000020C23138002F0C2BF3A78042A40F09B
:107EA000808045F64242C2F200025378002B78D11E
:107EB0009378082B75D1D378032B72D145F6A7435D
:107EC000C2F2000393F82E3058E297F9000006281A
:107ED0002CDB97F90000072828DC45F64240C2F267
:107EE00000004178012921D1817801291ED1C17872
:107EF00001291BD10179052918D14179012915D111
:107F000041F6DC61C2F2000190F806A00B783A78E5
:107F1000002B02F02C87062A43F0128046F21A0347
:107F20001022C2F200031A8003F025B897F900006E
:107F300003280ADB45F64244C2F2000460780228B6
:107F400003D1A078002800F0A68197F9000004284A
:107F5000C0F2478145F64240C2F200004178012953
:107F600009D18178022906D1C178022903D101798A
:107F7000012900F05281417841B98178042905D165
:107F8000C178022902D10179012907D0417800295D
:107F900040F03B818178022940F0378138780438FD
:107FA0004FE13A78042A12D145F64242C2F2000269
:107FB000537863B99378082B09D1D378042B06D171
:107FC00045F6A743C2F2000393F82F30D6E13A7882
:107FD000042A12D145F64242C2F20002537863B934
:107FE0009378092B09D1D378032B06D145F6A74303
:107FF000C2F2000393F82630C0E13A78042A24D173
:1080000045F64242C2F200025378F3B99378092B45
:108010001BD1D378042B18D145F6A743C2F2000335
:1080200093F836303E4697F90070D35537466422B0
:10803000C4E145F6A742C2F20002D27A09E145F650
:10804000A742C2F20002527903E13A78042A12D11F
:1080500045F64242C2F20002537863B99378092B85
:1080600009D1D378052B06D145F6A743C2F2000308
:1080700093F8373082E13A78042A12D145F6424229
:10808000C2F20002537863B99378092B09D1D378EF
:10809000062B06D145F6A743C2F2000393F8383009
:1080A0006CE13A78042A12D145F64242C2F200024B
:1080B000537863B993780C2B09D1D378012B06D16F
:1080C00045F6A743C2F2000393F8273056E13A7809
:1080D000062A18D145F64242C2F200025378012B1B
:1080E00011D19378012B0ED1D37863B91379052B75
:1080F00009D15379022B06D145F6A743C2F20003FA
:1081000093F83E30C0E03A78062A18D145F642424C
:10811000C2F200025378012B11D19378012B0ED1BA
:10812000D37863B91379052B09D15379032B06D181
:1081300045F6A743C2F2000393F83F30A4E03A7833
:10814000062A19D145F64242C2F200025378012BA9
:1081500012D19378012B0FD1D378012B0CD1137945
:10816000052B09D15379022B06D145F6A743C2F25C
:10817000000393F8403087E03A78062A40F01F81E8
:1081800045F64242C2F200025378012B40F01781BB
:108190009378012B40F01381D378012B40F00F81AD
:1081A0001379052B40F00B815379032B40F00781A5
:1081B00045F6A743C2F2000393F8413064E045F668
:1081C000A742C2F200025278FEF737BD45F6A74239
:1081D000C2F2000292F83D2097F90030CA54FDF730
:1081E00027B997F900000228FDF68AAE38780138E1
:1081F00027E045F6A742C2F20002927929E045F64F
:10820000A742C2F20002527A23E0417841B9817854
:10821000092905D1C178022902D13878033810E044
:10822000417801290BD18178012908D1C17831B970
:108230000179062903D1407901283FF4AFAE38789F
:1082400002383870FDF75CBE45F6A742C2F2000264
:10825000127A97F90030CA5446F21A01C2F20001AC
:108260000222FDF7EAB845F6A743C2F200039B7865
:108270003E4697F90070D35537463C229EE045F6BE
:10828000A743C2F20003DB7D3E4697F90070D35549
:108290003746142292E0387897F90010A0F1030ACB
:1082A000062900F3A88741F6DC65C2F200052878AC
:1082B000002800F0928740F20706C2F200063078EC
:1082C00028B1FDF705F8F9F719FF0020307042F2E8
:1082D000D270C2F20000002145F6F93241805FFA07
:1082E0008AF0C2F20002105C42F68502C2F200027D
:1082F00092F90020A054297000F07DBF45F6A743F5
:10830000C2F2000393F8203038E045F6A743C2F2EA
:1083100000031B7F3E4697F90070D355374606226F
:108320004CE045F6A743C2F200039B7D3E4697F919
:108330000070D3553746022240E045F6A742C2F20C
:10834000000292F8322047E745F6A742C2F2000247
:1083500092F834207DE745F6A743C2F20003DB7BA9
:108360000CE045F6A743C2F2000393F8303005E075
:1083700045F6A743C2F2000393F82B303E4697F927
:108380000070D35537461AE045F6A742C2F2000204
:1083900092F8312020E745F6A742C2F2000292F897
:1083A000332056E745F6A743C2F2000393F8423064
:1083B0003E4697F90070D355374632220A8097F926
:1083C000003045F64242C2F20002D35C3E460F88BE
:1083D0009F42374603D2098897F90030D1540021D3
:1083E00001703878032809D145F64240C2F20000F6
:1083F000417819B98178002900F040853878032840
:1084000016D145F64240C2F20000417881B9817828
:1084100003290DD197F90010405C45F6A741C2F23F
:10842000000188738C7B40F23A20C2F20000EDE13B
:10843000387805280ED145F64240C2F20000417856
:1084400041B98178042905D1C17819B90179002988
:1084500000F04286387805281BD145F64240C2F22A
:1084600000004178A9B98178042912D1C17881B975
:10847000017901290DD197F90010405C45F6A7411B
:10848000C2F2000108740C7C40F20610C2F2000037
:10849000F4E1387805281DD145F64240C2F20000CB
:1084A0004178B9B98178042914D1C17891B9017999
:1084B00002290FD197F90010405C45F6A741C2F29E
:1084C0000001487440F206104C7CC2F2000000F13A
:1084D000220178E1387805281DD145F64240C2F2E4
:1084E00000004178B9B98178042914D1C17891B9D3
:1084F000017903290FD197F90010405C45F6A74197
:10850000C2F20001887440F206108C7CC2F20000B6
:1085100000F133017CE1387805281DD145F6424051
:10852000C2F200004178B9B98178042914D1C17828
:1085300091B9017904290FD197F90010405C45F6F3
:10854000A741C2F20001C87440F20610CC7CC2F20E
:10855000000000F144015BE1387805281DD145F6A3
:108560004240C2F200004178B9B98178042914D19F
:10857000C17891B9017905290FD197F90010405CB4
:1085800045F6A741C2F20001087540F206100C7DC5
:10859000C2F2000000F15501ACE3387805281DD186
:1085A00045F64240C2F200004178B9B98178042909
:1085B00014D1C17891B9017906290FD197F900102A
:1085C000405C45F6A741C2F20001487540F2061032
:1085D0004C7DC2F2000000F166018BE3387805287B
:1085E0001DD145F64240C2F200004178B9B9817808
:1085F000042914D1C17891B9017907290FD197F9CC
:108600000010405C45F6A741C2F20001C87640F276
:108610000610CC7EC2F2000000F17701F8E0387855
:1086200005280FD145F64240C2F20000417849B911
:108630008178042906D1C178022903D10179002962
:1086400000F06D84387804280CD145F64240C2F21F
:108650000000417831B98178052903D1C17800291A
:1086600000F020843878042822D145F64240C2F236
:1086700000004178E1B98178052919D1C178012933
:1086800016D197F90010405C45F6A741C2F20001EF
:10869000087640F234700C7EC2F2000000F10F0147
:1086A0004FF0250801260025B1EE048A00F04BBCEE
:1086B0003878042819D145F64240C2F200004178CA
:1086C00099B98178052910D1C17802290DD197F97E
:1086D0000010405C45F6A741C2F2000148764C7E8E
:1086E00040F23470C2F200006BE0387804281BD1ED
:1086F00045F64240C2F200004178A9B981780529C7
:1087000012D1C17803290FD197F90010405C45F6CA
:10871000A741C2F20001887640F234708C7EC2F22A
:10872000000000F12D014EE0387804280CD145F608
:108730004240C2F20000417831B98178062903D164
:10874000C178002900F0D783387804281DD145F678
:108750004240C2F200004178B9B98178062914D1AB
:10876000C178012911D197F900104FF06D08405CD4
:1087700045F6A741C2F20001487740F2FE104C7F57
:10878000C2F2000000F10F0144E03878042821D142
:1087900045F64240C2F200004178D9B981780629F5
:1087A00018D1C178022915D197F90010405C45F61F
:1087B000A741C2F2000188778C7F40F2FE10C2F21E
:1087C000000000F11E0100260125B7EE008A4FF0DF
:1087D0000008B8E33878042820D145F64240C2F2B8
:1087E00000004178D1B98178062917D1C1780329D1
:1087F00014D197F90010405C45F6A741C2F2000180
:10880000C877CC7F40F2FE10C2F2000000F12D01CB
:108810004FF053080025B7EE008A70E2387804283C
:108820000DD145F64240C2F200004178012906D13F
:108830008178022903D1C178002900F04783387874
:1088400004281ED145F64240C2F2000041780129B9
:1088500017D18178022914D1C178012911D197F952
:108860000010405C45F6A741C2F2000181F82100EA
:1088700091F8214040F28E70C2F2000000F1110127
:1088800038E23878052810D145F64240C2F200009F
:108890004178012909D18178022906D1C1780229BC
:1088A00003D10179002900F02A84387804281ED1E8
:1088B00045F64240C2F200004178012917D1817883
:1088C000022914D1C178032911D197F90010405C15
:1088D00045F6A741C2F2000181F8220040F28E70F5
:1088E00091F82240C2F2000000F1330190E738789D
:1088F000042823D145F64240C2F200004178012904
:108900001CD18178022919D1C178042916D197F98F
:1089100000104FF05308405C45F6A741C2F2000139
:1089200081F8230040F28E7091F82340C2F20000DB
:1089300000F144010025B1EE048AE0E13878042812
:108940001ED145F64240C2F200004178012917D1FC
:108950008178022914D1C178052911D197F9001025
:10896000405C45F6A741C2F2000181F8250040F2C3
:108970008E7091F82540C2F2000000F15501B9E176
:108980003878052810D145F64240C2F200004178FF
:10899000012909D18178022906D1C178062903D19C
:1089A0000179002900F0D5833878052821D145F6D2
:1089B0004240C2F20000417801291AD1817802298F
:1089C00017D1C178062914D10179012911D197F95C
:1089D0000010405C45F6A741C2F2000181F8430057
:1089E00040F2B26091F84340C2F2000000F10D0184
:1089F00080E1387804281FD145F64240C2F20000D9
:108A00004178C9B98178072916D1C178012913D1D4
:108A100097F900104FF04108405C45F6A741C2F2BB
:108A2000000181F8280040F23A6091F82840C2F233
:108A3000000000F10F01EDE6387804281FD145F65B
:108A40004240C2F200004178C9B98178072916D1A5
:108A5000C178022913D197F900104FF04108405C0A
:108A600045F6A741C2F2000181F8290040F23A60C0
:108A700091F82940C2F2000000F11E01CAE63878E0
:108A800004281DD145F64240C2F200004178B9B930
:108A90008178072914D1C178032911D197F90010E1
:108AA000405C45F6A741C2F2000181F82A0040F27D
:108AB0003A6091F82A40C2F2000000F12D0119E15C
:108AC000387804280CD145F64240C2F200004178C3
:108AD00031B98178082903D1C178002900F02483B5
:108AE000387804281DD145F64240C2F20000417892
:108AF000B9B98178082914D1C178012911D197F920
:108B00000010405C45F6A741C2F2000181F82C003C
:108B100040F2CC4091F82C40C2F2000000F10F016D
:108B2000E8E0387804281DD145F64240C2F2000042
:108B30004178B9B98178082914D1C178022911D1B5
:108B400097F90010405C45F6A741C2F2000181F898
:108B50002D0040F2CC4091F82D40C2F2000000F10F
:108B60001E01C7E0387804281DD145F64240C2F204
:108B700000004178B9B98178082914D1C178032956
:108B800011D197F90010405C45F6A741C2F20001EF
:108B900081F82E0040F2CC4091F82E40C2F2000045
:108BA00000F12D01A6E0387804281ED145F6424098
:108BB000C2F200004178C1B98178082915D1C17885
:108BC000042912D197F90010405C45F6A741C2F282
:108BD000000181F82F0091F82F0040F2CC41C2F241
:108BE00000013C31A0F1640484E0387804281DD1F0
:108BF00045F64240C2F200004178B9B981780929AE
:108C000014D1C178032911D197F90010405C45F6C1
:108C1000A741C2F2000181F8260040F2595091F8B4
:108C20002640C2F2000000F1300163E038780428E9
:108C30001FD145F64240C2F200004178C9B981789F
:108C4000092916D1C178042913D197F900104FF0E2
:108C50006D08405C45F6A741C2F2000181F836007C
:108C600040F2595091F83640C2F2000000F1400144
:108C700042E0387804281DD145F64240C2F2000097
:108C80004178B9B98178092914D1C178052911D160
:108C900097F90010405C45F6A741C2F2000181F847
:108CA000370040F2595091F83740C2F2000000F10D
:108CB00050011FE03878042823D145F64240C2F223
:108CC00000004178E9B9817809291AD1C1780629CB
:108CD00017D197F90010405C45F6A741C2F2000198
:108CE00081F8380040F2595091F83840C2F2000043
:108CF00000F160014FF053089FEDDF8A0025002648
:108D000021E1387804281DD145F64240C2F2000026
:108D10004178B9B981780C2914D1C178012911D1D0
:108D200097F90010405C45F6A741C2F2000181F8B6
:108D3000270040F20E0091F82740C2F2000000F137
:108D4000090165E5387806281DD145F64240C2F292
:108D500000004178012916D18178012913D1C17809
:108D600089B9017905290ED1417902290BD197F9E9
:108D70000010405C45F6A741C2F2000181F83E00B8
:108D800091F83E4041E0387806281DD145F6424032
:108D9000C2F200004178012916D18178012913D14E
:108DA000C17889B9017905290ED1417903290BD1FF
:108DB00097F90010405C45F6A741C2F2000181F826
:108DC0003F0091F83F404BE03878062825D145F622
:108DD0004240C2F20000417801291ED18178012968
:108DE0001BD1C178012918D10179052915D1417903
:108DF000022912D197F90010405C45F6A741C2F252
:108E0000000181F8400091F8404040F24E40C2F22B
:108E1000000000F12401FFF743BC3878B7EE008A68
:108E2000062825D145F64240C2F2000041780129CA
:108E30001ED1817801291BD1C178012918D101796E
:108E4000052915D14179032912D197F90010405C09
:108E500045F6A741C2F2000181F8410091F8414076
:108E600040F24E40C2F2000000F13601FFF718BC9C
:108E700000254FF053080026002464E097F9001005
:108E80000026405C45F6A741C2F2000188708C784C
:108E900040F23A210125B7EE008AC2F200014FF0FC
:108EA000000850E097F900104FF02508405C45F6A7
:108EB000A741C2F20001C875CC7D40F23471012691
:108EC0000025B1EE048AC2F200013CE097F90010DF
:108ED0009FED698A405C45F6A741C2F2000181F826
:108EE000200091F8204040F28E714FF05308002589
:108EF000C2F2000103E797F900100026405C45F636
:108F0000A741C2F2000108770C7F40F2FE11012553
:108F1000B7EE008AC2F200014FF0000813E097F9A3
:108F200000100026405C45F6A741C2F2000188759A
:108F3000887D40F2C501441C0125B7EE008AC2F2CB
:108F400000014FF000080020FBF734FF38780428B8
:108F500012D145F64240C2F20000417861B98178F1
:108F6000052909D1C078022806D145F6A740C2F2EA
:108F700000008078844274D0387804280DD145F6FA
:108F80004240C2F20000417839B98178052904D104
:108F90002104C07808BF032863D0B7EE001A002070
:108FA000B4EE418AF1EE10FA08BF012000EE104A3B
:108FB0002843B8EEC00A3043012828EE009A0BD1AE
:108FC000BDEEC90A42F688003C4610EE102AC2F2F5
:108FD00000002AA1434620E018EE100A07F0A2FE86
:108FE000054619EE100A0C4607F09CFE9FED260B75
:108FF0000646894653EC102B2846214607F0D9FE39
:10900000002842F688003C46C2F2000032464B4639
:1090100014BF1FA120A1CDF80080F7F7DFF942F6B9
:109020008801C2F200011B20FBF7C4FE01271520B6
:109030001821362211230097FBF788FD46F2407075
:10904000C2F200006421017046F21A00C2F2000070
:1090500000880021C0B203F071FB20782746FCF79E
:109060004CBF42F6880044F24F61C2F20000C0F2E9
:1090700046013C460160D2E7CDCCCC3D257520258C
:109080006300000000BF00BF0AD7A3703D0AB73FCE
:10909000252E326620256300252E316620256300AB
:1090A000CDCC4C3D5374617475733A2025752F35C2
:1090B000300000005374617475733A2025752F33A6
:1090C0003000000049443A2025750000536572695C
:1090D000616C3A202575000097F900101FED1A8A7F
:1090E000405C45F6A741C2F20001C873CC7B40F258
:1090F00006114FF053080025C2F20001FFE597F971
:1091000000101FED198A405C45F6A741C2F200012C
:1091100081F8300091F8304040F220014FF05308C0
:109120000025C2F20001EAE597F900101FED2E8A32
:10913000405C45F6A741C2F2000181F82B0091F88E
:109140002B4040F2CC414FF053080025C2F2000101
:10915000D5E597F900101FED388A405C45F6A74128
:10916000C2F2000181F8420091F8424040F2B2613F
:109170004FF053080025C2F20001C0E545F6A742B2
:10918000C2F2000292F83520FFF726B897F90010D6
:109190003C46042A40F0648241F6E062405C06EB03
:1091A0004601C2F2000202EBC101487100F0ABBF00
:1091B0002278042A40F0B18246F21A02C2F200027A
:1091C0001723138041F6E06306EB4602C2F2000368
:1091D00003EBC202527900F083BF42F68500C2F26F
:1091E000000090F9000045F6F932205C5FFA8AF140
:1091F000C2F20002505442F2D274C2F200046088FB
:1092000042F6880B46F2501841F2D009B0F5967F2D
:10921000C2F2000BC7F27338C2F2000940F24B8170
:1092200045F6F930C2F200004E46013800256FF0D5
:10923000030110F8012F0131154405EB850238BFF9
:1092400055000029F5D143F200074FF00008C4F2A1
:1092500000074AF6AA290A20C7F80090F9F7B6FFD6
:10926000B8F1040F08F10108F5D3FBF795FB41F2C3
:10927000C400C2F200000068854245D16420ABF80A
:10928000080046F2761046F24131C6F27450C6F636
:109290007411CBE9001011205946FBF78BFD46F203
:1092A0004410C0F27900CBF8030043F23500C4F259
:1092B0002040CBF8000022205946FBF77BFD40F20E
:1092C0000600C2F200003221017041F2CE00C2F26B
:1092D00000001721017041F2CF00C2F200003B21D3
:1092E000017041F6D4610020C2F2000130700870B4
:1092F00045F63C41C2F20001086042F68501B146E4
:10930000C2F200010870B9E041F2C000C2F20000F0
:109310000068854263D16420ABF8080046F27610FD
:1093200046F24131C6F27450C6F67411CBE9001012
:1093300011205946FBF73EFD46F24410C0F2790079
:10934000CBF8030043F23300C4F22040CBF8000016
:1093500022205946FBF72EFD40F20600C2F2000023
:109360001E21017041F2CE00C2F2000017210170EF
:1093700041F2CF00C2F200003B21017041F6D460FF
:109380000125C2F2000000213570017045F63C4015
:10939000C2F20000016042F68500C2F20000B14650
:1093A000017003F043F941F2D400C2F200000570ED
:1093B0006CE041F6DC61C2F2000190F805800B78A8
:1093C0003A78002B00F06886052A41F0408246F288
:1093D0001A02C2F200020F23138001F053BA41F2C5
:1093E000C804C2F200042068854240F0968346F229
:1093F000761046F24131C6F27450C6F674116425F7
:10940000CBE9001011205946ABF80850FBF7D2FC0D
:109410007420ABF8080046F6616046F25051C6F67B
:109420006560C6F67251CBE9001022205946FBF761
:10943000C1FC40F20600C2F20000057041F2CE000D
:10944000C2F200001721017041F2CF00C2F2000009
:109450003B2101700220307041F6D460C2F200005E
:1094600000210170206845F63C42C2F20002106003
:1094700042F68500C2F20000B146017003F0D6F852
:1094800041F2D400C2F2000001210170FBF72CFC74
:1094900046F2501842F2D27400254AF6AA26C7F2C4
:1094A0007338C2F200040A203E60F9F78FFEC72D20
:1094B00005F10105F7D3E08842F68501B0F5967F06
:1094C000C2F2000184BF0220087099F8000002284F
:1094D0000ED0012820D060BB40F20600C2F200008E
:1094E000027842F68800C2F20000AFF248411EE066
:1094F00000208BF80C0045F24F0047F2753147F21F
:109500005342C4F64560C2F23A01C7F26142CBE968
:109510000021CBF808000CE040F20600C2F2000087
:10952000027842F68800C2F20000AFF27841F6F706
:1095300055FF012001215A46FBF722FC45F6F87041
:10954000C2F200000268AFF284415846F6F746FFC7
:10955000012011215A46FBF713FC40F6A800C2F285
:1095600000000268AFF29C415846F6F737FF012031
:1095700022215A46FBF704FC3A20ABF804000120F4
:1095800033215A46CBF80080FBF7FAFB45F6F93752
:10959000C2F2000743F231353A78C0F60105584669
:1095A0002946F6F71BFF5FFA8AF0B0FA80F043090C
:1095B000222033215A46FBF7B7FB7A7858462946D2
:1095C000F6F70CFF4FF0FF3050FA8AF0B0FA80F057
:1095D00043092E2033215A46FBF7A6FBBA7858469A
:1095E0002946F6F7FBFE6FF0010050FA8AF0B0FA58
:1095F00080F043093A2033215A46FBF795FBFA786D
:1096000058462946F6F7EAFE6FF0020050FA8AF053
:10961000B0FA80F04309462033215A46FBF784FB19
:1096200046F24070C2F2000064210170092000215E
:1096300003F084F842F68507C2F2000797F90000AC
:1096400041F6D9610728A4BF032038703878C2F2E8
:1096500000010338B0FA80F040090870FCF750BCF4
:10966000CAB294F90010052A40F08F8241F6E062F8
:10967000405C06EB4601C2F2000202EBC1018871B8
:1096800000F041BD052A40F084809BF9001041F6AE
:10969000E062405C06EB4601C2F2000202EBC1014F
:1096A000087276E042F68501C2F2000191F90010DD
:1096B000052A40F07B8241F6E062405C05EB450103
:1096C000C2F2000202EBC101487200F01ABE052A84
:1096D00040F03C8142F68501C2F2000191F9001090
:1096E000405C05EB450106EBC101C8722EE141F675
:1096F000DC61C2F2000190F805800B783A78002B0B
:1097000001F06781052A41F0608246F21A02C2F236
:1097100000021423138001F073BA2278052A40F066
:10972000CD8446F21A02C2F200021723138041F6DA
:10973000E06306EB4602C2F2000303EBC202927939
:1097400000F0CEBC9BF80020052A11D146F21A0287
:10975000C2F200020323138041F6E06306EB4602E7
:10976000C2F2000303EBC202127A9BF90030C2542A
:109770009BF90020835C46F21A02C2F200021788AD
:109780009F4204D212889BF90030013AC254002053
:10979000087042F67B00C2F2000090F8049042F696
:1097A000880444F6464042F2200146F67552C2F261
:1097B0000004C2F25200C4F62021C3F2701284E801
:1097C0000700002500200021224600232573FBF717
:1097D000ABFA0020102160220123FBF729F941F6A2
:1097E000E06109EB4900C2F2000101EBC000A9EB06
:1097F000060A00F1080728E09BF800000438B0FAD8
:1098000080F04309002031462246FBF78DFA17F815
:10981000180B40F2D86100EB4000C2F2000101EBEE
:1098200040012046F6F737FF9BF80000314680F0F4
:10983000050040EA0800B0FA80F043092D202246D6
:10984000FBF772FA0135032D1CD040F20800C2F27A
:1098500000002844467845F6A740C2F20000807810
:1098600009EB050282420DD243F231312046C0F6A7
:1098700001010AEB0508F6F7B1FDB8F1000FBBD006
:109880000023BFE746F24070C2F20000642101707D
:1098900046F21A00C2F2000000889BF80010C0B225
:1098A0000439B1FA81F149095F4602F047FF9BF89C
:1098B000000001F0E8BE42F68502C2F20002127812
:1098C000052A40F0E88446F21A02C2F2000202239E
:1098D000138041F6E06305EB4502C2F2000303EB9F
:1098E000C202527A00F0EDBC42F68502C2F20002DA
:1098F0001278052A11D146F21A02C2F20002FA23A6
:10990000138005EB450242F6850306EBC202C2F264
:109910000003D27A93F90030C25442F68502C2F2B3
:10992000000292F90020835C46F21A02C2F20002A1
:1099300017889F4208D242F685031288C2F20003BC
:1099400093F90030013AC2540020087042F67B00BF
:10995000C2F20000077942F6880444F2206044F223
:10996000204246F62853C2F20004C5F24C204FF0C4
:109970002031C7F26932C0F2290384E80F000020C9
:109980000021224600234FF00008FBF7CDF900200C
:10999000102160220123FBF74BF8781B059007EBA1
:1099A00047009FEDE30B06EBC000BB4600F10B0741
:1099B0005AEC106B32E042F68500C2F200000078EB
:1099C0000438B0FA80F04309002029462246FBF70C
:1099D000ABF917F8180B06F00AFF3246534606F0AB
:1099E00041FD02460B462046D3A1F6F7F7FC42F6AE
:1099F0008500C2F200000078294680F0050040EAA8
:109A00000900B0FA80F0430937202246FBF78CF9B1
:109A100008F10108B8F1030F00F0058540F20800D5
:109A2000C2F200004044457845F6A740C2F200006B
:109A300080780BEB0802824280F0F5840598531C75
:109A400000EB08092046BEA1F6F7C8FCB9F1000FEB
:109A5000B1D00023B8E742F68501C2F2000191F9C6
:109A60000010062A40F0A187405C41F6E06205EB59
:109A70004501C2F2000202F8310000F0F2BF42F6E6
:109A80008502C2F200021278062A40F0B48746F23C
:109A90001A02C2F200023223138041F6E06305EBA2
:109AA0004502C2F2000313F8322000F0BABF062AC2
:109AB00040F0C58042F68501C2F2000191F9001024
:109AC000405C45F6A741C2F20001414481F82702FB
:109AD000B5E0062A40F06C8142F68501C2F2000131
:109AE00091F90010405C45F6A741C2F200014144E3
:109AF00081F891015CE1062A40F0088242F6850176
:109B0000C2F2000191F90010405C45F6A741C2F293
:109B10000001414481F8C301F8E100208BF80800FE
:109B200046F6777046F25011C6F27240C7F27331B2
:109B3000CBE9001011205946FBF73CF946F26E7054
:109B4000C0F22100CBF8030047F25720C6F66F6041
:109B5000CBF8000022205946FBF72CF9B14695E4DA
:109B600042F68501C2F2000191F90010062A41F087
:109B7000108141F6E062405C08EB4801C2F200024D
:109B800002EBC101887001F09ABCC9B2062940F00D
:109B9000BA8294F9001041F6E062405C06EB46019F
:109BA000C2F2000202EBC101C871ACE2C9B20629DF
:109BB00040F0A78342F68501C2F2000191F900103E
:109BC00041F6E062405C05EB4501C2F2000202EBA7
:109BD000C101887295E342F68502C2F20002127852
:109BE000062A13D146F21A02C2F200021E23138083
:109BF00045F6A742C2F2000242F685034244C2F291
:109C0000000392F8272293F90030C25442F68502ED
:109C1000C2F2000292F90020835C46F21A02C2F2FC
:109C2000000217889F4208D242F685031288C2F2CA
:109C3000000393F90030013AC2540020087042F644
:109C40007B00C2F20000407942F68804059047F29A
:109C50005020C2F20004C6F26F7046F642724FF016
:109C60002031C7F2612284E807006420A08100202F
:109C70000021224600230027FBF756F80020102180
:109C800060220123FAF7D4FE32E042F6850BC2F2DD
:109C9000000B9BF800000538B0FA80F04309002063
:109CA0002946224688EA0A06FBF73EF845F6A74011
:109CB000C2F20000484490F8270241F25011C0F669
:109CC000010101EB80012046F6F7E5FC9BF800005E
:109CD000294680F006003043C0B2B0FA80F0430954
:109CE00039202246FBF720F80137032F01F01A80B4
:109CF000059841F24A3100EB070A40F20800C2F22F
:109D0000000038445FFA8AF94578C9EBC900C0F60B
:109D1000010101442046F6F7BEFCC845B5D042F625
:109D2000850B0023C2F2000BB9E700BF00BF00BFE4
:109D30000000000000002440252E316600000000D5
:109D400025752D3E2575000042F68502C2F20002FF
:109D50001278062A13D146F21A02C2F20002022336
:109D6000138045F6A742C2F2000242F68503424440
:109D7000C2F2000392F8912193F90030C25442F6E6
:109D80008502C2F2000292F90020835C46F21A02B8
:109D9000C2F2000217889F4208D242F68503128859
:109DA000C2F2000393F90030013AC2540020087057
:109DB00042F67B00C2F20000407942F6880405902A
:109DC00046F6496042F2740147F65412C2F20004AA
:109DD000C7F27050C2F22001C6F2705284E8070048
:109DE000002700200021224600232773FAF79CFF5A
:109DF0000020102160220123FAF71AFE32E042F619
:109E0000850BC2F2000B9BF800000538B0FA80F019
:109E1000430900202946224688EA0A06FAF784FF09
:109E200045F6A740C2F20000484490F8910141F283
:109E3000E821C0F6010101EB80012046F6F72BFC7A
:109E40009BF80000294680F006003043C0B2B0FA0B
:109E500080F0430931202246FAF766FF0137032FCD
:109E600000F06087059841F2F02100EB070A40F20C
:109E70000800C2F2000038445FFA8AF945784FEAD8
:109E8000490050FA8AF0C0F6010101EB400120467A
:109E9000F6F701FCC845B2D042F6850B0023C2F2AA
:109EA000000BB6E742F68502C2F200021278062ADB
:109EB00013D146F21A02C2F200020223138045F6C1
:109EC000A742C2F2000242F685034244C2F20003F6
:109ED00092F8C32193F90030C25442F68502C2F2CF
:109EE000000292F90020835C46F21A02C2F20002DC
:109EF00017889F4208D242F685031288C2F20003F7
:109F000093F90030013AC2540020087042F67B00F9
:109F1000C2F20000407942F68804059047F24F50A3
:109F200047F2754147F65412C2F20004C7F27400BA
:109F3000C2F22001C6F2705284E807000027002018
:109F40000021224600232773FAF7EEFE002010219D
:109F500060220123FAF76CFD32E042F6850BC2F273
:109F6000000B9BF800000538B0FA80F04309002090
:109F70002946224688EA0A06FAF7D6FE45F6A740A1
:109F8000C2F20000484490F8C30141F2E821C0F653
:109F9000010101EB80012046F6F77DFB9BF80000F4
:109FA000294680F006003043C0B2B0FA80F0430981
:109FB00039202246FAF7B8FE0137032F00F0B286A7
:109FC000059841F24A3100EB070A40F20800C2F25C
:109FD000000038445FFA8AF94578C9EBC900C0F639
:109FE000010101442046F6F756FBC845B5D042F6BC
:109FF000850B0023C2F2000BB9E7062A40F05A8213
:10A0000042F68501C2F2000191F90010405C45F66C
:10A01000A741C2F20001414481F8FB004AE2062A4E
:10A0200040F0F18242F68501C2F2000191F9001080
:10A03000405C45F6A741C2F20001414481F8650049
:10A04000E1E2062A40F08D8342F68501C2F200016A
:10A0500091F90010405C45F6A741C2F2000141446D
:10A0600081F897007DE342F68502C2F20002127881
:10A07000062A41F0258046F21A02C2F200020223AB
:10A08000138041F6E06308EB4802C2F2000303EBE1
:10A09000C202927801F0F3B9062A40F00C8442F62D
:10A0A0008501C2F2000191F90010405C45F6A7411C
:10A0B000C2F20001414481F8F501FCE32278062A4E
:10A0C00011D146F21A02C2F200026423138041F653
:10A0D000E06306EB4602C2F2000303EBC202D27950
:10A0E00094F90030C25494F90020835C46F21A02BD
:10A0F000C2F2000217889F4203D2128894F90030FE
:10A10000C2540020087042F67B00C2F20000C578FD
:10A1100042F6880842F2460044F6534142F25202A7
:10A1200046F66143C2F20008C2F22000C5F22031B7
:10A13000C5F22042C0F26B0388E80F000020002126
:10A1400042460023FAF7F0FD00201021602201238F
:10A15000FAF76EFCA81B41F6E061CDE9040505EBBA
:10A160004500C2F2000101EBC000471D4FF000099D
:10A170005BE02078A3460338B0FA80F04309B5FAD3
:10A1800085F04FEA501A002031464246FAF7CCFDDE
:10A1900017F8180B41F20B54C0F60104205C00259F
:10A1A00088F8000088F801509BF800003146043818
:10A1B000B0FA80F040090AEA000319204246FAF793
:10A1C000B3FD17F8170C88F80150205C314688F869
:10A1D00000009BF8000042460538B0FA80F04009C4
:10A1E0000AEA00032D20FAF79FFD17F8160C41F23A
:10A1F000635100EB4000C0F6010101EB4001404615
:10A20000F6F749FA9BF8000031460638B0FA80F0BC
:10A2100040090AEA0003422042465C46FAF784FD00
:10A2200009F10109B9F1030F1ED040F20800C2F292
:10A2300000004844467845F6A740C2F20000807806
:10A24000059901EB090282420ED2049843F23131A2
:10A2500000EB09054046C0F60101F6F7BFF8002DF6
:10A2600087D00023A3468AE746F24070C2F200007E
:10A270006421017046F21A00C2F2000000882178C1
:10A28000C0B20339B1FA81F14909274602F056FA02
:10A29000207801F0F8B942F68502C2F20002127885
:10A2A000062A15D146F21A02C2F2000204231380D4
:10A2B00041F6E06305EB4502C2F2000303EBC20284
:10A2C000927A42F68503C2F2000393F90030C25439
:10A2D00042F68502C2F2000292F90020835C46F247
:10A2E0001A02C2F2000217889F4208D242F6850382
:10A2F0001288C2F2000393F90030013AC2540020E0
:10A30000087042F67B00C2F20000067942F688042B
:10A3100044F64640C2F20004C2F2520046F64A51E8
:10A3200044F62022C3F27011C7F26D0284E80700E0
:10A330004E20A08100200021224600230027FAF7AA
:10A34000F3FC0020102160220123FAF771FB701B3F
:10A3500041F6E061059006EB4600C2F2000101EB18
:10A36000C00043F2273AB34600F10908C0F6010ADB
:10A370003DE042F68500C2F2000000780438B0FAF1
:10A3800080F04309B6FA86F04FEA501900202946BA
:10A390002246FAF7C9FC18F9182B20465146F6F761
:10A3A0001DF842F68506C2F20006307829460538C7
:10A3B000B0FA80F0400909EA000324202246FAF7A7
:10A3C000B3FC18F9170C5146821E2046F6F706F822
:10A3D000307829460638B0FA80F0400909EA0003CF
:10A3E00046202246FAF7A0FC0137032F1BD040F28B
:10A3F0000800C2F200003844457845F6A740C2F292
:10A40000000080780BEB070282420CD2059843F2E1
:10A410003131C6192046C0F60101F5F7DFFF002EE5
:10A42000A7D00023AEE746F24070C2F200006421DC
:10A43000017046F21A0042F68507C2F20000C2F22D
:10A44000000700883978043901F016B942F6850210
:10A45000C2F200021278062A13D146F21A02C2F2A0
:10A4600000022423138045F6A742C2F2000242F6FE
:10A4700085034244C2F2000392F8FB2093F90030B6
:10A48000C25442F68502C2F2000292F90020835CB7
:10A4900046F21A02C2F2000217889F4208D242F620
:10A4A00085031288C2F2000393F90030013AC254C6
:10A4B0000020087042F67B00C2F20000407942F6AC
:10A4C0008804059047F25020C2F20004C6F26F7073
:10A4D00046F642724FF02031C7F2612284E807004D
:10A4E0006420A08100200021224600230027FAF7E3
:10A4F0001BFC0020102160220123FAF799FA32E0B8
:10A5000042F6850BC2F2000B9BF800000538B0FA4A
:10A5100080F0430900202946224688EA0A06FAF715
:10A5200003FC45F6A740C2F20000484490F8FB0047
:10A5300041F22421C0F6010101EB80012046F6F72B
:10A54000AAF89BF80000294680F006003043C0B20C
:10A55000B0FA80F0430939202246FAF7E5FB0137CB
:10A56000032F00F0DF83059800EB070A40F2080094
:10A57000C2F200003844457841F22B405FFA8AF974
:10A58000C0F6010000EBC9012046F6F784F8C84583
:10A59000B6D042F6850B0023C2F2000BBAE742F6B2
:10A5A0008502C2F200021278062A13D146F21A027C
:10A5B000C2F200020223138045F6A742C2F2000253
:10A5C00042F685034244C2F2000392F8652093F9F3
:10A5D0000030C25442F68502C2F2000292F9002015
:10A5E000835C46F21A02C2F2000217889F4208D228
:10A5F00042F685031288C2F2000393F90030013A53
:10A60000C2540020087042F67B00C2F2000040797C
:10A6100042F68804059046F6496042F2740147F616
:10A620005412C2F20004C7F27050C2F22001C6F206
:10A63000705284E8070000270020002122460023F2
:10A640002773FAF771FB0020102160220123FAF72B
:10A65000EFF932E042F6850BC2F2000B9BF80000E6
:10A660000538B0FA80F0430900202946224688EADE
:10A670000A06FAF759FB45F6A740C2F20000484423
:10A6800090F8650041F2E821C0F6010101EB80017C
:10A690002046F6F700F89BF80000294680F00600F7
:10A6A0003043C0B2B0FA80F0430931202246FAF7B5
:10A6B0003BFB0137032F00F03583059841F2B3319E
:10A6C00000EB070A40F20800C2F2000038445FFACB
:10A6D0008AF945784FEA490050FA8AF0C0F601013C
:10A6E00001EB40012046F5F7D6FFC845B2D042F64F
:10A6F000850B0023C2F2000BB6E742F68502C2F2D8
:10A7000000021278062A13D146F21A02C2F200029F
:10A710000223138045F6A742C2F2000242F68503E7
:10A720004244C2F2000392F8972093F90030C254D9
:10A7300042F68502C2F2000292F90020835C46F2E2
:10A740001A02C2F2000217889F4208D242F685031D
:10A750001288C2F2000393F90030013AC25400207B
:10A76000087042F67B00C2F20000407942F688048D
:10A77000059047F24F5047F2754147F65412C2F226
:10A780000004C7F27400C2F22001C6F2705284E8DD
:10A790000700002700200021224600232773FAF734
:10A7A000C3FA0020102160220123FAF741F932E0B8
:10A7B00042F6850BC2F2000B9BF800000538B0FA98
:10A7C00080F0430900202946224688EA0A06FAF763
:10A7D000ABFA45F6A740C2F20000484490F8970053
:10A7E00041F2E821C0F6010101EB80012046F5F7B6
:10A7F00052FF9BF80000294680F006003043C0B2AB
:10A80000B0FA80F0430939202246FAF78DFA013771
:10A81000032F00F08782059800EB070A40F208003A
:10A82000C2F200003844457841F22B405FFA8AF9C1
:10A83000C0F6010000EBC9012046F5F72CFFC84522
:10A84000B6D042F6850B0023C2F2000BBAE742F6FF
:10A850008502C2F200021278062A13D146F21A02C9
:10A86000C2F200021423138045F6A742C2F200028E
:10A8700042F685034244C2F2000392F8F52193F9AF
:10A880000030C25442F68502C2F2000292F9002062
:10A89000835C46F21A02C2F2000217889F4208D275
:10A8A00042F685031288C2F2000393F90030013AA0
:10A8B000C2540020087042F67B00C2F200004079CA
:10A8C00042F68804059047F2502042F2200146F2F9
:10A8D0006F12C2F20004C6F26F70C4F22021C6F2F9
:10A8E000724284E80700002700200021224600234E
:10A8F0002773FAF719FA0020102160220123FAF7D2
:10A9000097F832E042F6850BC2F2000B9BF800008C
:10A910000538B0FA80F0430900202946224688EA2B
:10A920000A06FAF701FA45F6A740C2F200004844C9
:10A9300090F8F50141F20011C0F6010101EB800130
:10A940002046F5F7A8FE9BF80000294680F0060097
:10A950003043C0B2B0FA80F0430931202246FAF702
:10A96000E3F90137032F00F0DD81059841F2F02172
:10A9700000EB070A40F20800C2F2000038445FFA18
:10A980008AF945784FEA490050FA8AF0C0F6010189
:10A9900001EB40012046F5F77EFEC845B2D042F6F5
:10A9A000850B0023C2F2000BB6E7C9B2072958D1C4
:10A9B00042F68501C2F2000191F9001041F6E06211
:10A9C000405C05EB4501C2F2000202EBC101487098
:10A9D00047E0062A40F02D8142F68501C2F20001CF
:10A9E00091F90010405C45F6A741C2F200014144D4
:10A9F00081F8C9001DE142F68502C2F20002127818
:10AA0000072A15D146F21A02C2F20002322313803D
:10AA100041F6E06305EB4502C2F2000303EBC2021C
:10AA2000527842F68503C2F2000393F90030C25413
:10AA300042F68502C2F2000292F90020835C46F2DF
:10AA40001A02C2F2000217889F4208D242F685031A
:10AA50001288C2F2000393F90030013AC254002078
:10AA6000087042F67B00C2F20000467942F6880484
:10AA700044F64640C2F20004C2F2520045F22051B0
:10AA800042F22002C2F25001C4F2204284E80700E0
:10AA90004E20A08100200021224600234FF0000814
:10AAA000FAF742F90020102160220123F9F7C0FFD4
:10AAB000701B41F6E061CDE9030606EB4600C2F2E9
:10AAC00000019FEDC70B01EBC000471C51EC100BC0
:10AAD000CDE90110DDE9019B43F22A3AC0F6010AF3
:10AAE00054E042F68500C2F2000000780538B0FA62
:10AAF00080F04309B6FA86F0400905900020294607
:10AB00002246FAF711F917F8010C05F070FE5A46C3
:10AB10004B4605F03DFF02460B4620465146F5F7F1
:10AB20005DFC42F68506C2F200063078059E0638C6
:10AB3000B0FA80F0400906EA0003192029462246AF
:10AB4000FAF7F2F817F8180B05F051FE5A464B4683
:10AB500005F01EFF02460B4620465146F5F73EFC27
:10AB600042F68500C2F20000007829460738B0FAA4
:10AB700080F0400906EA00033E202246FAF7D4F8A6
:10AB800008F10108B8F1030F00F0658540F20800F4
:10AB9000C2F200004044457845F6A740C2F20000EA
:10ABA0008078049901EB0802824280F05485039872
:10ABB00043F2313100EB08062046C0F60101F5F7FB
:10ABC0000DFC002E8DD0002394E742F68502C2F2E0
:10ABD00000021278062A13D146F21A02C2F20002CB
:10ABE0001623138045F6A742C2F2000242F68503FF
:10ABF0004244C2F2000392F8C92093F90030C254D3
:10AC000042F68502C2F2000292F90020835C46F20D
:10AC10001A02C2F2000217889F4208D242F6850348
:10AC20001288C2F2000393F90030013AC2540020A6
:10AC3000087042F67B00C2F20000407942F68804B8
:10AC4000059047F2502042F2200146F26F12C2F204
:10AC50000004C6F26F70C4F22021C6F2724284E88A
:10AC60000700002700200021224600232773FAF75F
:10AC70005BF80020102160220123F9F7D9FE31E0B2
:10AC800042F6850BC2F2000B9BF800000538B0FAC3
:10AC900080F0430900202946224688EA0A06FAF78E
:10ACA00043F845F6A740C2F20000484490F8C900B6
:10ACB00041F2C811C0F6010101EB80012046F5F711
:10ACC000EAFC9BF80000294680F006003043C0B241
:10ACD000B0FA80F0430931202246FAF725F801370F
:10ACE000032F1FD0059841F2B33100EB070A40F261
:10ACF0000800C2F2000038445FFA8AF945784FEA4A
:10AD0000490050FA8AF0C0F6010101EB40012046EB
:10AD1000F5F7C1FCC845B3D042F6850B0023C2F25B
:10AD2000000BB7E746F24070C2F2000064210170E8
:10AD300046F21A00C2F2000042F685070088C2F20D
:10AD400000073978013800F096BC072A40F080806F
:10AD500042F68501C2F2000191F90010405C45F60F
:10AD6000A741C2F20001494481F8590270E0072A64
:10AD700040F01E8142F68501C2F2000191F90010F7
:10AD8000405C45F6A741C2F20001514481F88B02B4
:10AD90000EE1CAB242F68501C2F2000191F900103B
:10ADA000072A40F0318341F6E062405C08EB48013D
:10ADB000C2F2000202EBC101C87080E342F68501D5
:10ADC000C2F2000191F90010072A40F03183405C83
:10ADD000002818BF01200AF8050000F0A5BC00BF3C
:10ADE0009A9999999999A93F42F68502C2F200026F
:10ADF0001278072A13D146F21A02C2F200020D237A
:10AE0000138045F6A742C2F2000242F685034A4487
:10AE1000C2F2000392F8592293F90030C25442F66C
:10AE20008502C2F2000292F90020835C46F21A0207
:10AE3000C2F2000216889E4208D242F685031288AA
:10AE4000C2F2000393F90030013AC25400200870A6
:10AE500042F67B00C2F20000807942F68804059039
:10AE600044F25020C2F20004C2F2200042F220015B
:10AE700046F67252C6F25451C6F6696284E807007B
:10AE800046F26E10C0F26C00C4F80B0000200021E6
:10AE9000224600230025F9F747FF002010216022F9
:10AEA0000123F9F7C5FD42F6850BC2F2000B2EE037
:10AEB0009BF800000638B0FA80F0430900203146C4
:10AEC000224689EA0807F9F72FFF45F6A740C2F2A4
:10AED0000000504490F8590241F2B421C0F601013B
:10AEE00001EB80012046F5F7D6FB9BF800003146C8
:10AEF00080F007003843C0B2B0FA80F04309312037
:10AF00002246F9F711FF0135032D00F06A820598FA
:10AF100043F22F3100EB050840F20800C2F20000B6
:10AF200028444678012050FA88F22046C0F60101F4
:10AF30005FFA88FAF5F752FAD145B9D00023BDE798
:10AF400042F68502C2F200021278072A13D146F2B5
:10AF50001A032422C2F200031A8045F6A742C2F265
:10AF6000000242F685035244C2F2000392F88B229B
:10AF700093F90030C25442F68502C2F2000292F9FF
:10AF8000002046F21A03C2F20003825C1B8893423F
:10AF90000CD246F21A02C2F2000242F6850312886F
:10AFA000C2F2000393F90030013AC2540020087045
:10AFB00042F67B00C2F20000807942F688040590D8
:10AFC00046F2535042F22001C2F20004C2F267007E
:10AFD000C4F62071C4E9000147F24F50C0F274007A
:10AFE000C4F8070000200021224600230027F9F7BB
:10AFF0009BFE0020102160220123F9F719FD32E0A9
:10B0000042F6850BC2F2000B9BF800000638B0FA3E
:10B0100080F043090020294622468AEA0806F9F70B
:10B0200083FE45F6A740C2F20000484490F88B0228
:10B0300041F25011C0F6010101EB80012046F5F705
:10B040002AFB9BF80000294680F007003043C0B27D
:10B05000B0FA80F043092E202246F9F765FE013749
:10B06000032F00F0BE81059800EB070840F20800AE
:10B07000C2F200003844457841F223505FFA88F963
:10B08000C0F6010000EB89012046F5F704FBCA4534
:10B09000B6D042F6850B0023C2F2000BBAE7072AAE
:10B0A0007DD142F68501C2F2000191F90010405CA9
:10B0B00045F6A741C2F20001494481F82D016EE036
:10B0C00042F68502C2F200021278072A40F0C181DE
:10B0D00046F21A02C2F200020223138041F6E06334
:10B0E00008EB4802C2F2000303EBC202D278C6E1C9
:10B0F000072A40F0008142F68501C2F2000191F971
:10B100000010405C45F6A741C2F20001414481F8BD
:10B110005F01F0E042F68502C2F200021278072ACF
:10B1200040F0B48246F21A02C2F2000201231380F8
:10B130001AF80520D9E242F68502C2F2000212781E
:10B14000072A13D146F21A02C2F200020D2313801D
:10B1500045F6A742C2F2000242F685034A44C2F213
:10B16000000392F82D2193F90030C25442F6850273
:10B17000C2F2000292F90020835C46F21A02C2F287
:10B18000000216889E4208D242F685031288C2F257
:10B19000000393F90030013AC2540020087042F6CF
:10B1A0007B00C2F20000807942F68804059044F2E8
:10B1B0005020C2F20004C2F2200042F2200146F602
:10B1C0007252C6F25451C6F6696284E8070046F22C
:10B1D0006E10C0F26C00C4F80B0000200021224663
:10B1E00000230025F9F7A0FD002010216022012393
:10B1F000F9F71EFC42F6850BC2F2000B2EE09BF81D
:10B2000000000638B0FA80F043090020314622469B
:10B2100089EA0807F9F788FD45F6A740C2F2000061
:10B22000504490F82D0141F2B421C0F6010101EB28
:10B2300080012046F5F72FFA9BF80000314680F098
:10B2400007003843C0B2B0FA80F0430931202246EB
:10B25000F9F76AFD0135032D00F0C380059843F22C
:10B260002F3100EB050840F20800C2F2000028442C
:10B270004678012050FA88F22046C0F601015FFAB4
:10B2800088FAF5F7ABF8D145B9D00023BDE742F60F
:10B290008502C2F200021278072A13D146F21A027E
:10B2A000C2F200022423138045F6A742C2F2000234
:10B2B00042F685034244C2F2000392F85F2193F9FB
:10B2C0000030C25442F68502C2F2000292F9002018
:10B2D000835C46F21A02C2F2000217889F4208D22B
:10B2E00042F685031288C2F2000393F90030013A56
:10B2F000C2540020087042F67B00C2F20000807940
:10B3000042F68804059046F2535042F22001C2F200
:10B310000004C2F26700C4F62071C4E9000147F2DC
:10B320004F50C0F27400C4F80700002000212246EC
:10B3300000230027F9F7F8FC0020102160220123E8
:10B34000F9F776FB31E042F6850BC2F2000B9BF871
:10B3500000000638B0FA80F0430900202946224652
:10B3600088EA0A06F9F7E0FC45F6A740C2F20000B9
:10B37000484490F85F0141F22421C0F6010101EB3D
:10B3800080012046F5F787F99BF80000294680F0F8
:10B3900007003043C0B2B0FA80F043092E202246A5
:10B3A000F9F7C2FC0137032F1BD0059800EB070A01
:10B3B00040F20800C2F200003844457841F22350C0
:10B3C0005FFA8AF9C0F6010000EB89012046F5F723
:10B3D00062F9C845B7D042F6850B0023C2F2000BD4
:10B3E000BBE746F24070C2F200006421017046F2F1
:10B3F0001A0042F68507C2F20000C2F20007008878
:10B4000039780138063937E1C9B2082957D142F6EF
:10B410008501C2F2000191F9001041F6E062405C42
:10B4200008EB4801C2F2000202EBC101087146E0DC
:10B43000CAB242F68501C2F2000191F90010082A51
:10B4400040F03481405C002818BF012008F8050056
:10B450006AE142F68502C2F200021278082A15D18A
:10B4600046F21A02C2F200020223138041F6E063A0
:10B4700008EB4802C2F2000303EBC202127942F663
:10B480008503C2F2000393F90030C25442F68502EC
:10B49000C2F2000292F90020835C46F21A02C2F264
:10B4A000000217889F4208D242F685031288C2F232
:10B4B000000393F90030013AC2540020087045F6A9
:10B4C000A745C2F20005A87D88B9A87878B141F6F1
:10B4D000E060C2F2000018380021012200234283FC
:10B4E0000177AF780133BB4200F11800F7D342F681
:10B4F0007B00C2F20000467942F6880444F64640DA
:10B50000C2F20004C2F2520044F2204143F244224B
:10B51000C2F23101C4F2204284E807003320A08146
:10B5200000200021224600230027F9F7FDFB002020
:10B53000102160220123F9F77BFAA6EB080041F6FF
:10B54000E061059006EB4600C2F2000101EBC0008D
:10B55000B34600F102084FF000095BE00023B5FAA2
:10B5600085F04FEA501A002031462246F9F7DCFBFD
:10B5700018F8180B4E21022808BF532142F6850502
:10B58000012808BF592121706770C2F20005287890
:10B5900031460638B0FA80F040090AEA0003232059
:10B5A0002246F9F7C1FB18F8170C4E21022808BFF4
:10B5B0005321012808BF592121706770287831462E
:10B5C0000738B0FA80F040090AEA00033820224622
:10B5D000F9F7AAFB18F8160C4E21022808BF5321D0
:10B5E000012808BF59212170677028783146083832
:10B5F000B0FA80F040090AEA00034D202246F9F72C
:10B6000093FB09F1010945F6A745B9F1030FC2F211
:10B61000000520D040F20800C2F2000048444678FD
:10B62000A8780BEB0902824215D2059843F231311A
:10B6300000EB09052046C0F60101F4F7CFFE002D0E
:10B640008CD142F68500C2F2000000780538B0FACD
:10B6500080F0430983E746F24070C2F200006421A3
:10B66000017046F21A0042F68507C2F20000C2F2EB
:10B670000007008839780539B1FA81F14909C0B26B
:10B6800001F05CF838780221FAF738BC42F68502FE
:10B69000C2F200021278082A18D146F21A02C2F247
:10B6A00000020123138018F805201EE0C9B2092901
:10B6B0003AD142F68501C2F2000191F90010405CD6
:10B6C000002818BF01200BF805002DE042F6850286
:10B6D000C2F200021278092A0ED146F21A02C2F210
:10B6E0000002012313801BF8052042F68503C2F2F5
:10B6F000000393F90030C25442F68502C2F2000200
:10B7000092F90020835C46F21A02C2F20002178806
:10B710009F4207D242F68503C2F20003128893F9D2
:10B720000030C2540020087042F67B00C2F20000D4
:10B73000867942F6880447F25300C2F20004C2F24E
:10B74000200045F2206143F25612C7F63041C5F29F
:10B750007C6284E807003220A0810020002122467C
:10B7600000230027F9F7E0FA0020102160220123CE
:10B77000F9F75EF90BEB0600049008EB0600039066
:10B780000AEB060040F27071029006EB4600C2F22E
:10B79000000143F2313842F6850BA5EB060901EBB7
:10B7A0004005C0F60108C2F2000B059651E042F6D2
:10B7B0008500C2F2000000780638B0FA80F0430934
:10B7C000A9EB0700B0FA80F04FEA501A002031468A
:10B7D0002246F9F7A9FA02984146C25D2046F4F7DD
:10B7E000FDFD9BF8000031460738B0FA80F04009B3
:10B7F0000AEA000323202246F9F796FA0398414605
:10B80000C25D2046F4F7EAFD9BF800003146083897
:10B81000B0FA80F040090AEA000335202246F9F721
:10B8200083FA04984146C25D2046F4F7D7FD9BF8A1
:10B83000000031460938B0FA80F040090AEA0003F6
:10B8400047202246F9F770FA0137032F05F1060564
:10B8500016D040F20800C2F200003844467845F69F
:10B86000A740C2F20000807805993944814207D28E
:10B8700020462946F4F70FFFB94598D000239FE7EB
:10B8800046F24070C2F200006421017046F21A00D4
:10B8900042F68507C2F20000C2F20007008839783C
:10B8A0000639E9E62DE9F04F85B045F6F830C2F2E9
:10B8B0000000007846F28C4EB0FA80F04009049007
:10B8C000002043F2000343F2A82942F2C67244F674
:10B8D0000C6B44F2600743F2A22A01900020C4F2EC
:10B8E000020EC4F20003002540F6B654C2F200096D
:10B8F0004AF6AA2CC2F20002C2F2000BC2F2000702
:10B90000C2F2000A029000200026039034E0C3F83F
:10B9100000C0D7F80100D7F8051042F2A873D7F895
:10B92000092000BAC2F20003186008BA586010BAC1
:10B93000986000F0D3FE4CF25030F7F747FC42F22B
:10B94000C67246F28C4E43F20003C2F20002C4F209
:10B95000020E4AF6AA2C40F6B6540025C4F20003A3
:10B960000026B9F800000130A9F80000B9F800007D
:10B97000A04228BFA9F80050DEF80000B9F8001076
:10B98000201A884200F0BD8043F2A420C2F20000D9
:10B99000C3F800C00580B9F8000043F2AA21C2F242
:10B9A0000001085CFF2802D1BBF8001071B1BBF8A0
:10B9B0000010B9B1FE2803D1BBF80010012905D051
:10B9C000BBF80010022913D1AB281AD143F2A621EB
:10B9D000C2F200010D80BBF800000130ABF800009E
:10B9E00032E000BF43F2A621C2F200010D802BE03D
:10B9F000BBF8001003290BD143F2A621C2F20001CB
:10BA000019E0ABF8005043F2A621C2F200011BE09E
:10BA1000BBF80010042940F0B28043F2A621C2F224
:10BA2000000190460A4609880902118011880844DD
:10BA30001146424605300880BBF800000130ABF8E3
:10BA40000000AAF8005000BFBBF800008846098833
:10BA5000884205D1B8F80000002818BF012006432D
:10BA6000F0073FF47EAF387842283FF450AF3228D9
:10BA700016D012287FF474AF45F6F830C2F20000F9
:10BA80000078002800F09A8042F2C9700026C2F2C5
:10BA9000000006700120167003900120049060E7FA
:10BAA000C3F800C0BAF8000058B10021002000BF60
:10BAB0007A18527801307A54BAF8002001B29142D3
:10BAC000F6DBBAF800003946021F00200023049379
:10BAD00002F06CF941F28830F7F778FB43F200038B
:10BAE00046F28C4E42F2C6720026C4F200030025D4
:10BAF00040F6B6544AF6AA2CC4F2020EC2F2000274
:10BB00002FE745F6F830C2F200000078002800F078
:10BB100096800398C00700F0A58142F2C970C2F276
:10BB200000000078002800F0B68044F60E64C2F2EF
:10BB300000040020214640F6AC52C3F800C040F695
:10BB4000AC5802F00DF900BF14F8080004EB08012E
:10BB5000B8F1000FA8F101088871F5DC4FF6FF601D
:10BB6000C0F6AB50206042F2AC20A080012042F22F
:10BB7000C978029040F6B350C2F20008A1E043F247
:10BB8000A622C2F20002BBF80010128891424AD2EB
:10BB9000BBF80010052946D3BAF8001042F2C6726D
:10BBA0007854BAF80000C2F200020130AAF800008E
:10BBB000BBF800000130ABF8000024E744F60E614A
:10BBC0004FF6FF60C2F20001C0F2AB00086044F221
:10BBD0000D2046F208028880C2F200021068000EB2
:10BBE00088711068000CC8711068000A087210682B
:10BBF00048725068000E88725068000CC872506815
:10BC0000000A0873506848739068000E8873906843
:10BC1000000CC8739068000A087490684874132078
:10BC200000F042F98BE643F2A62142F2C672C2F25C
:10BC30000001C2F20002ABF800500D8004E742F2AE
:10BC4000E270C2F200000078002840F00B8142F25E
:10BC5000E574C2F2000443F2B0312046C0F601019F
:10BC60001122F4F767FD19202146F9F7A3F8F9F737
:10BC70003BF842F2C67246F28C4E43F20003C2F227
:10BC80000002C4F2020E4AF6AA2C40F6B654002571
:10BC9000C4F20003E6E01078F0B144F60E604FF60F
:10BCA000FF61C2F20000C0F2AB01C3F800C0016046
:10BCB00043F20321CAF60D414160012001900920A1
:10BCC000904600F0F1F846F28C4E002540F6B6544E
:10BCD000C4F2020E88F8005042F2E270C2F2000094
:10BCE000007830B143F20003C4F200034AF6AA2CF4
:10BCF000B4E00298C0072FD042F2E571C2F2000111
:10BD00002120888146F24410C6F27410886046F6FD
:10BD10006960C2F26700486046F25350C6F26E4056
:10BD2000086019207446F9F745F8206B002840F0A8
:10BD3000868043F200080025C4F200084AF6AA24CF
:10BD40000A20C8F80040F7F741FA092D05F101056E
:10BD5000F6D30020049072E00198C00718D042F298
:10BD6000E571C2F200012120888146F24410C6F23A
:10BD70007410886046F66960C2F26700486046F257
:10BD80004750C7F2744008601920F9F713F856E0DD
:10BD900042F2E574C2F200047920A08142F265000B
:10BDA000C6F26B50A06042F27300C6F66F6060602E
:10BDB00047F25020C7F26530206001200121224661
:10BDC0000025F8F7DDFF3A20208146F27310C6F215
:10BDD0007650606046F66670C2F272002060012004
:10BDE00011212246F8F7CCFF5020A08143F66520B0
:10BDF000C5F22050A06046F26F40C6F67540606004
:10BE000046F65470C6F620502060012022212246BA
:10BE1000F8F7B6FF42F23A00C4F64460A06046F27A
:10BE20006F10C6F27240606046F65470C6F2202071
:10BE300020600120332122462573F8F7A1FFF8F78F
:10BE400053FF43F2000346F28C4EC4F20003002578
:10BE500040F6B6544AF6AA2CC4F2020E42F2C6725A
:10BE6000C2F200020498C3F800C0C0077FF484AD9A
:10BE700005B0BDE8F08F0000FEE7000000F007000D
:10BE800080F00703042B28BF04234FF0FF3C033846
:10BE90000CFA03F338BF0020994381400CFA00F0FC
:10BEA00022EA00000843704746F2B841C4F202019A
:10BEB00000220A60486051F8AC0C40F0746041F810
:10BEC000AC0C45F6C430C2F2000000680860086897
:10BED00040F00100086070472DE9F04381B02DED7E
:10BEE000048B45F6CA34C2F20004B4F90000B0F580
:10BEF000AA7F40F39A8046F21408C2F2000898ED37
:10BF0000000AB4F90000B8EEC00A01EE100AB8EE5B
:10BF1000C11A80EE010A10EE100A04F003FF9FED33
:10BF2000460B02460B4651EC100B04F09BFA04F052
:10BF30005BFA40F6A007C2F2000745F6D039386038
:10BF4000C2F20009D9E90001B4F90020D317F4F7CF
:10BF5000CDF904F05FFC41EC100B04F0D5F951EC85
:10BF6000100B04F041FA45F6E035C2F20005D5E9C0
:10BF700000C1B4F9002008EE100AD3176046F4F7A8
:10BF8000B5F904F047FC41EC100B04F0BDF951EC9D
:10BF9000100B04F029FA45F6F036C2F20006D6E995
:10BFA00000C1B4F9002009EE100AD3176046F4F777
:10BFB0009DF904F02FFC41EC100B04F0A5F951ECB5
:10BFC000100B04F011FA97ED000A9FED1D1A20EEF8
:10BFD000080A45F6044120EE010AC2F2000181ED93
:10BFE000000A97ED000A45F6104120EE090A20EEFE
:10BFF000010AC2F2000181ED000A97ED000A02EE8B
:10C00000100A20EE020A45F61C4020EE010AC2F298
:10C01000000080ED000A0020C9E90000C5E9000029
:10C02000C6E900002080C8F80000BDEC048B01B018
:10C03000BDE8F08300BF00BF5C8FC2F5285CF33F12
:10C040000000EB432DE9F04385B040F68870C2F262
:10C050000000018840F684780F29C2F2000865D3F9
:10C0600098F80010002961D10021018040F68A79FA
:10C070004FF6FF60C2F20009C0F6CC30C9F80000EC
:10C0800040F6D030C2F2000090ED000A9FED5A1A3F
:10C090004D4620EE010ABDEEC00A10EE100A010A5C
:10C0A00089F8060089F8070042F2BB7005F8041F02
:10C0B00089F80510C2F20000017842F2BA70C2F2AB
:10C0C0000000027842F2B970C2F20000037842F236
:10C0D000B87042F2B777C2F20000C2F2000742F233
:10C0E000B67642F2B57400783F78C2F20006C2F22A
:10C0F000000436782478CDE90007002002960394E6
:10C1000000F0F4FD89F8080089F809002878052175
:10C1100015F8012F013980EA0200F9D189F80A00E7
:10C12000002089F80B000C20F6F742FC46F21400C0
:10C13000C4F2020040F656610268C2F200010B88A8
:10C14000C2F5967240F6546E9A42C2F2000E0ED1BB
:10C150009EF800004FF48011012840F61840C4F208
:10C16000020088BF1021016005B0BDE8F08340F6F1
:10C17000586440F6867540F64E6C0123C2F2000406
:10C18000C2F200050026C2F2000C10E02A8801323B
:10C190002A800A8801320A800A88B2F5967F28BF71
:10C1A0000E8002680F88C2F59672BA42D0D088F825
:10C1B00000300F88E75DFE2F06D0FF2F07D12A88B9
:10C1C000002AE3D0FE2F02D12A88012ADED02A8855
:10C1D000022ADED1CC2F0DD1ACF800609EF80020F1
:10C1E00001328EF800209EF80020042A28BF8EF825
:10C1F0000060CEE72E80CCE70000C8427047000008
:10C200002DE9F04381B041F2D508C2F200080020C8
:10C21000414640F6AC52002701F0A2FD40F6AC507A
:10C22000414640F6AC5201F0C1FDF8F7B5FB42F2D1
:10C23000E57147F26C50C2F20001C7F265308860C8
:10C2400042F27400C6F25610486047F25020C6F61B
:10C250006960086016200F73F8F7ACFDF8F744FD2D
:10C2600044F60E65C2F2000543F28431C0F60101C6
:10C2700028462B22F4F75EFA2A20FFF715FE32201B
:10C28000F6F7A4FF43F25C31C0F6010128462722ED
:10C29000F4F750FA2620FFF707FE3220F6F796FF54
:10C2A00043F28831C0F6010128462722F4F742FA0A
:10C2B0002620FFF7F9FD3220F6F788FF4FF25424CD
:10C2C000CFF6FF7412A640F60D2901E001341BD20F
:10C2D00008EB040090F8AC2D28463146F4F77EF8C0
:10C2E000FFF7E2FD0620F6F771FF0137F8B21E28CE
:10C2F000ECD300270220AF70A5F80090FFF7D4FD23
:10C300000420F6F763FFE1E701B0BDE8F08300BF6A
:10C310002533752C0000000010B541F2D504C2F29F
:10C32000000441F6BC302146082201F019FD40F618
:10C33000A800C2F20000002101604FF0FF3100BFF1
:10C34000026802EB820252000260621852780368AF
:10C3500001311A4405290260F2D110BD2DE9F041E6
:10C3600041F2D508C2F200080020414640F6AC5226
:10C3700001F0F6FC98F800007B2867D145F6A7414C
:10C380000120C2F2000100BF18F800200A54013059
:10C39000B0F52F7FF8D14FF6305C41F6E06E08F231
:10C3A0008C500021CFF6FF7CC2F2000E00EB0C0493
:10C3B00010F80C5094F8F0200EEB01060EF8015026
:10C3C00094F85050B27194F890217570327210F850
:10C3D000F02C057894F84031727205F0030294F85D
:10C3E000A070F37110F8A03C10F8504CB270C5F377
:10C3F00081021831F270C5F30112B1F5B46F00F18A
:10C4000001007771B372F4723271CFD145F6C77102
:10C4100045F6D17245F6DB730020C2F20001C2F28C
:10C420000002C2F2000300BF08EB000797F8DC75BA
:10C4300007F001060E54C7F34006C7F380071654F1
:10C440001F5401300828EFD1BDE8F081F8F7D8FC7F
:10C45000BDE8F08170B541F2D504C2F2000441F6A6
:10C46000DA302146072201F07BFC627840F2060EAA
:10C47000C2F2000EA3788EF8002041F2CE02C2F282
:10C480000002E178137041F2CF03C2F2000341F2DF
:10C49000D00C20781970217945F63C45C2F2000C89
:10C4A000C2F200058CF800002960296803284FEAD1
:10C4B0000121296061792E6841EA06012960A1798C
:10C4C00041F2BD0481F02301C2F20004217038BFA3
:10C4D00070BD32208EF80000172010703B201870BD
:10C4E00000208CF8000000F0A1F870BDB0B541F25A
:10C4F000D505C2F2000541F658302946482201F020
:10C500002FFC41F68D62681E4FF0FF31C2F200022F
:10C5100010F8013F5418013145296370F8D141F6F4
:10C52000D36095F84610C2F2000095F847200170DC
:10C5300042F2E470C2F200000270B0BD7047000029
:10C540002DE9F04141F2D50CC2F2000C7B2045F6FA
:10C55000A7418CF800000120C2F200010A5C0CF82F
:10C5600000200130B0F52F7FF8D14FF6305E41F654
:10C57000E0680CF28C510022CFF6FF7EC2F2000878
:10C5800018F8024008EB020301F80E405C78987935
:10C5900001EB0E0585F850405C7985F8F000D879FC
:10C5A00085F8A0401C7A85F84001587ADF7885F834
:10C5B000904101F8F00C987A1C799E7801F8A00C53
:10C5C000B800DB7A40EA04103043183201F8503CDE
:10C5D0000870B2F5B46F01F10101D1D145F6DB71FC
:10C5E00045F6D17245F6C7730020C2F20001C2F2CF
:10C5F0000002C2F2000300BF175C0E5C7F001D5CEE
:10C6000047EA86070CEB000601302F43082886F81E
:10C61000DC75F1D141F2D501C2F20001002040F6F3
:10C62000AC5201F0C3FBBDE8F081000080B541F2DF
:10C63000D000C2F20000007841F2D501C2F2000140
:10C64000087041F2CE0040F20602C2F2000041F250
:10C65000CF03C2F200020078C2F2000312781B7806
:10C66000887045F63C404A70CB70C2F20000036807
:10C670001B0A0B710068487182F02300887141F633
:10C68000DA30072201F092FB80BD000080B541F650
:10C690008D60C2F2000041F2D50101384FF0FF3247
:10C6A000C2F2000110F801CF8B180132452A83F83D
:10C6B00001C0F7D141F6D360C2F2000000784822F1
:10C6C00081F8460042F2E470C2F20000007881F87E
:10C6D000470041F6583001F069FB80BD80B542F259
:10C6E000A870C2F2000001680A0E41F2D501C2F240
:10C6F00000010A700268120C4A700268120A8A70FD
:10C700000268CA704268120E0A714268120C4A71BD
:10C710004268120A8A714268CA718268120E0A72ED
:10C720008268120C4A728268120A8A7280680C222D
:10C73000C87241F6C63001F039FB80BD42F2D27CAE
:10C74000C2F2000CBCF80030022B03D8BCF8043055
:10C75000032B60D340F21043C4F202031A68D204E0
:10C7600044BF1A685FEA42421AD442F2C672C2F269
:10C770000002137819B1A3B30021117056E0002B09
:10C780004AD0002042F685011070C2F2000191F9F2
:10C79000002045F64240C2F20000825CAABB3AE0AB
:10C7A00042F68500C2F2000090F9000045F64241D1
:10C7B000C2F2000100220A5442F2C970C2F2000023
:10C7C000027042F2C670C2F20000027042F2CA70F9
:10C7D000C2F20000ACF80020ACF8042002804280D5
:10C7E000704742F2C970C2F20000017899B100218D
:10C7F000017042F68501C2F2000191F9002045F670
:10C800004240C2F20000825C2AB191F90010425C01
:10C81000013A42547047704742F2C971C2F20001B6
:10C820000A78002A08BF704700220A7042F6850283
:10C83000C2F2000292F9003045F64241C2F2000114
:10C84000CB5C92F90020834201D2885C013088548D
:10C850007047000080B542F2D27CC2F2000CBCF8F6
:10C860000030022B03D8BCF80430032B71D340F204
:10C870001043C4F202031A68D20444BF1A685FEA84
:10C88000424216D442F2C672C2F20002137821B1BB
:10C89000002B4CD00021117066E0002B5AD00020F4
:10C8A000107042F2C570C2F20000017800294CD12C
:10C8B0004FE042F2C571C2F200010020087042F25E
:10C8C000C971C2F20001087042F2C671C2F20001E1
:10C8D000087042F68501ACF80000ACF80400C2F222
:10C8E00000010978FF2934D141F68D624FF0FF3104
:10C8F000C2F200025318013144295870FAD141F6AE
:10C90000D360C2F200000021017042F2E470C2F272
:10C910000000017041F6D760C2F20000017041F6DC
:10C92000D660C2F200000170FFF7B0FE80BD42F297
:10C93000C970C2F20000017859B10021017042F2C1
:10C94000C570C2F20000017819B101780139017097
:10C9500080BD80BD42F2C971C2F200010A78002A8E
:10C9600008BF80BD00220A7042F2C571C2F2000108
:10C970000A78824201D208780130087080BD000038
:10C980002DE9F04788B045F6A74C40F6543EE846FE
:10C990000DF11009C2F2000CC2F2000EA8F1010163
:10C9A000A9F101000CF226240EF10E050F2600BF9E
:10C9B00014F8312C14F8017F05F8017F05F80F2CCD
:10C9C00014F8962C002A18BF012200F8012F14F841
:10C9D000642C002A18BF0122013E01F8012FE7D183
:10C9E000002008F1080A09F10805002400260027A4
:10C9F0000022CEF81E0000BF19F80030295C8340E9
:10CA00001A4318F8003081400F4303FA00F11AF876
:10CA100000300E4303FA00F10130082844EA010413
:10CA2000EAD14FF6CA514FF41670CFF6FF718EF867
:10CA30001E208EF81F708EF820608EF8214000BFF7
:10CA40000CEB000252780EEB00030130B0F5197FB9
:10CA50005A54F5D10CF28A200EF12D01102200BF9C
:10CA600010F8013F013A01F8013FF9D19CF832007A
:10CA70008EF83E009CF834008EF83F009CF8400091
:10CA80008EF840009CF841008EF8410042F69F006D
:10CA9000C2F2000000788EF8420008B0BDE8F087CE
:10CAA0002DE9F04F87B043F2000142F2C77B42F21A
:10CAB000C87842F2C97C42F2C67E42F2E27442F287
:10CAC000E5790025C4F200014AF6AA23C2F2000B60
:10CAD000C2F20008C2F2000CC2F2000E04AAC2F2B6
:10CAE0000004C2F200094FF0000A0026CDE9045507
:10CAF0000B609BF8000068B10AF1010A5FFA8AF046
:10CB0000052888BF4FF0000A5FFA8AF0165C8BF8A0
:10CB1000005027E098F8000068B1AAF1010A5FFA16
:10CB20008AF0052828BF4FF0050A5FFA8AF0165CE4
:10CB300088F8005016E09CF8000030B10136F0B2E1
:10CB4000092888BF00268CF800509EF8000030B1FC
:10CB5000013EF0B2092828BF09268EF800505FFA7E
:10CB60008AF0165442F2D270C2F200004088C928FE
:10CB70005FD220780028BBD142F26400C4F2494061
:10CB8000C9F8040046F64610C6F27850C9F800000D
:10CB90000120494689F808506446F046F8F70AF93A
:10CBA0009DF812009DF810209DF811309DF813108B
:10CBB0009DF815709DF814508DE82300484626A175
:10CBC00000250397F3F70AFC1E204946F8F7F2F810
:10CBD00042F62D50A9F800000AEB4A000D2101EBA6
:10CBE0008000C0B226214A4689F80250F8F7C8F8FA
:10CBF00042F2D270C2F20000428848461BA1F3F70D
:10CC0000EDFB33204946F8F7D5F8F8F76DF8C6463E
:10CC1000A44642F2E27442F2C87843F2000104AA48
:10CC2000C2F20004C2F200084AF6AA23C4F20001CC
:10CC30005EE7DDE9040241F2D501C2F200014A607B
:10CC4000086041F6BC30082201F0B0F8FFF764FB41
:10CC500007B0BDE8F08F00BF25752025752025752C
:10CC600020257520257520257500000025750000FC
:10CC700080B545F686404FF0FF31C2F20000002239
:10CC8000431801311D295A70FAD10121417042F235
:10CC9000E060C2F200006421F3F7E5FD42F2447067
:10CCA000C2F200006421F3F7DEFD42F6A20C002080
:10CCB000C2F2000C002200BF0CEB02030CF80200D1
:10CCC00083F8680183F8A005052A9CF8801883F88A
:10CCD0000A0798BF83F87208022A02F1010298BF7E
:10CCE00083F87D08642A08BF80BDE5E7B0B582B04F
:10CCF000DDE906CEDDE908548DF804308DF8052015
:10CD00008DF806108DF80700002007216A464FF0C5
:10CD1000FF338DF800408DF801508DF802E08DF85A
:10CD200003C000BF555C8D40284353FA81F5082DA0
:10CD3000A1F10101F6D3C0B202B0B0BD80B5F7F7E2
:10CD40002BFE42F2E57146F66110C2F20001C0F21C
:10CD50007400886046F27350C5F22070486046F651
:10CD60005040C6F2651008601620F8F723F8F7F770
:10CD7000BBFF80BDB0B501380024B4EB106F1CBF01
:10CD80000120B0BD4EF21005CEF2000568604FF0F4
:10CD9000FF300F2100F088FF0720AC60286020469C
:10CDA000B0BD000080B5F6F7A3FD80BD70B592B0B0
:10CDB00006AC20463021F3F756FD002543F640002F
:10CDC0000595CDE90355CDE901550095C4F2020062
:10CDD0000168022641F080510160006800F0805037
:10CDE0000090009847F200000095C4F2000001682E
:10CDF00041F480410160006800F480400090009898
:10CE0000092006904FF48030079001200B904FF4DA
:10CE100080000D9008200E90A820CDE90F06042078
:10CE2000119020460C96F6F7D5FE88B90F20CDE973
:10CE300001064FF4A05004904FF48050059001A8D3
:10CE400005210395F6F7DAFD002804BF12B070BD86
:10CE5000F5F71CFE4EF68850CEF20000016841F452
:10CE60007001016070470000F0B581B01020C4F27D
:10CE700000000021016042F2DD70C2F20000017882
:10CE800009B342F2DF74C2F20004217842F2DE7587
:10CE900001312170C2F20005297859B3297801299E
:10CEA0003DD120780328C0F08D8041F21800C4F2F3
:10CEB0000200402101604FF4002101604FF4801115
:10CEC0000160202124E042F2E275C2F200052878D8
:10CED000002877D042F2DA74C2F2000420780228E7
:10CEE0002AD8207800285FD02078013818BF012088
:10CEF000000160E041F21800C4F20200022101606A
:10CF00004FF48001016021781D295BD34FF400317B
:10CF100001600020207028780130287052E02978C4
:10CF2000022935D1207803284CD30020E2210026A5
:10CF3000F7F742FE2670EEE742F2E076C2F2000614
:10CF4000308846F21C07C2F20007395C0120F7F76F
:10CF500033FE31880020785431880131318042F22B
:10CF6000DC71C2F200010A7801320A700A78602A84
:10CF700028D32070087042F2DB70C2F20000017802
:10CF8000013101703088B0F5587F1BD30020C4E711
:10CF90002978032916D12178282940F0BE80002065
:10CFA0003D21F7F709FE0DE042F2DB70C2F200000E
:10CFB000007860F04F00C1B20020F7F7FDFD207847
:10CFC0000130207045F60A42C2F200021088C00803
:10CFD0007C2802D810880130108045F61640C2F235
:10CFE00000000188C9087C2902D80188013101802C
:10CFF00045F62241C2F200010B88DB087C2B02D8E7
:10D000000B8801330B8045F60143C2F200031B7805
:10D01000BBB145F6FE33C2F200031F783FB90F885B
:10D0200045F62046C2F20006378000271780012708
:10D030001F7045F62443C2F2000340F2E7371F8019
:10D040000EE045F62443C2F200031F8817B11F8883
:10D05000013F1F8045F6FE33C2F2000300271F7018
:10D0600045F60C43C2F200031B78BBB145F6FF3313
:10D07000C2F200031F783FB9128845F60847C2F292
:10D0800000073A800022028001221A7045F62642EB
:10D09000C2F2000240F2E73313800EE045F626426A
:10D0A000C2F20002138813B11388013B138045F6C6
:10D0B000FF32C2F200020023137045F61842C2F29A
:10D0C00000021278C2B145F60042C2F200021378A3
:10D0D0003BB9008845F61443C2F2000318800020D3
:10D0E00008800120107045F62840C2F2000040F28E
:10D0F000E731018001B0F0BD45F62840C2F20000E2
:10D10000018811B101880139018045F60040C2F261
:10D1100000000021017001B0F0BD2178292904D15F
:10D1200000200121F7F748FD4CE721782A2904D196
:10D130000020E121F7F740FD44E721782B2904D1B5
:10D1400000209021F7F738FD3CE721782C2904D105
:10D150000020A421F7F730FD34E721782D2904D1F0
:10D1600000202F21F7F728FD2CE721782E2904D164
:10D170000020A021F7F720FD24E721782F2904D1F2
:10D180000020AF21F7F718FD1CE721783A2924BFCA
:10D190000021017016E7000010B543F64000C4F20C
:10D1A000020001684FF0804441F00101016000205D
:10D1B00020600C20C4F200005321C1616321016290
:10D1C000012101601C2000F047FD206840F00100B3
:10D1D000206010BD40F21040C4F200000021016048
:10D1E00041F688614069C2F200010A6880B24FF4DA
:10D1F0008033B0F5FA4F84BF0023CFF6FF73D01809
:10D200000860704780B502F01BFC40F61001C4F2C4
:10D2100000010020086045F62A41C2F200010A78A8
:10D2200042F2107301320A7045F6F471C2F2000145
:10D230000A7801320A7045F6EA71C2F200010A78F2
:10D2400001320A7045F6F071C2F200010A7801322B
:10D250000A7045F6E871C2F200010A8801320A80BC
:10D2600045F6F271C2F200010A8801320A8045F6E1
:10D27000EE71C2F200010A8801320A8041F2CC014B
:10D28000C2F200010A8801320A800A889A4228BF45
:10D29000088045F62E40C2F2000001884EF65F225B
:10D2A000914202D801880131018041F2D200C2F2DC
:10D2B0000000B0F9001041F28732914202DC01888F
:10D2C0000131018046F2140040F6B602C4F20200B9
:10D2D000C2F20002816C1388994240F62621C2F204
:10D2E000000106D10A88632A07D80A8801320A8019
:10D2F00003E000230B80816C118040F65262C2F281
:10D300000002D0F8A8101388994240F68871C2F242
:10D31000000106D10A88632A08D80A8801320A80E7
:10D3200004E000230B80D0F8A810118040F6506173
:10D330000268C2F200010B88C2F596729A4240F66A
:10D340008472C2F2000202D10020107005E00123B5
:10D3500013700068C0F59670088043F2A420C2F2F2
:10D3600000000188013101800188642906D3002171
:10D37000018044F60C60C2F20000018040F64E606D
:10D38000C2F20000018841F2873291420CD8018834
:10D39000013101800088B0F57A7F05D940F65460EC
:10D3A000C2F200000021017042F69C00C2F20000AF
:10D3B0000178013101700178052903D30021017042
:10D3C000F7F7C8F942F69D00C2F20000017801317A
:10D3D00001700178322924BF002101701021C4F2AC
:10D3E000020145F63640D1F80038C2F2000002785A
:10D3F000DB050CD412B10278013A02700278272AB8
:10D4000011D845F63542C2F2000200230AE0632A31
:10D4100003D802781432027005E045F63542C2F2B4
:10D42000000201231370D1F8003842789B050CD418
:10D4300012B14278013A42704278272A11D845F653
:10D440003442C2F2000200230AE0632A03D8427881
:10D450001432427005E045F63442C2F20002012364
:10D4600013700B688278DB050CD412B18278013A14
:10D4700082708278272A11D845F63142C2F2000222
:10D4800000230AE0632A03D882781432827005E010
:10D4900045F63142C2F20002012313700B68C278D4
:10D4A0009B050CD412B1C278013AC270C278272A07
:10D4B00011D845F63342C2F2000200230AE0632A83
:10D4C00003D8C2781432C27005E045F63342C2F286
:10D4D0000002012313700B6802795B050CD412B1B2
:10D4E0000279013A02710279272A11D845F63242AF
:10D4F000C2F2000200230AE0632A03D80279143240
:10D50000027105E045F63242C2F2000201231370B7
:10D51000D1F80028417912060ED411B141790139B0
:10D5200041714079272888BF80BD45F66040C2F22E
:10D5300000000021017080BD632903D841791431B6
:10D54000417180BD45F66040C2F2000001210170CA
:10D5500080BD000010B543F64000C4F2020001682F
:10D5600040F6000441F004010160C4F20004002010
:10D5700020605320A06240F2E730E0620120E060CA
:10D580001E2000F069FB206840F00100206010BD03
:10D5900010B540F61040C4F200000021016045F6CD
:10D5A000F570C2F200000178132902D80178013128
:10D5B000017040F64C60C2F200000178002946F28A
:10D5C0005C01C4F2020111D08A6C7AB944F20042C3
:10D5D000C4F200021268520608D540F61842C4F29E
:10D5E00002024FF4000313600022027041F2BC00FB
:10D5F000C2F20000027892B10A6E82B944F200428F
:10D60000C4F20002D2F8002C520608D540F61842A7
:10D61000C4F202024FF4002313600022027042F2AF
:10D62000DC62C2F20002107840F2180CC4F2020C64
:10D6300078B1886968B944F20040C4F20000D0F8BB
:10D640000008400605D54FF40020CCF8000000206B
:10D65000107040F6BC30C2F2000002785AB10A687D
:10D660004AB944F20042C4F20002D2F80024520641
:10D6700044BF0022027045F6C830C2F200000278B2
:10D680005AB1D1F8601441B941F20001C4F201016C
:10D690000968490644BF0021017045F6644345F618
:10D6A0006540C2F20003C2F200001978027845F624
:10D6B000664E914240F62C02C2F20002C2F2000E07
:10D6C00041D2187830B145F6A440C2F2000000788B
:10D6D000052809D31878002841D145F6A440C2F2A4
:10D6E0000000007809283AD80020107045F6A440C0
:10D6F000C2F20000017801310170197811B101788E
:10D70000052905D0197800297DD100780A287AD119
:10D7100045F66340C2F2000000210170187845F61A
:10D720008643C2F20003185C45F6A543C2F200032B
:10D73000187045F68540C2F2000001701878C009E3
:10D740008EF800005FE000211970017045F6A440DA
:10D75000C2F20000017011708EF8001053E01078D2
:10D7600000284CD05CF8080C000607D545F685402B
:10D77000C2F20000017841F00101017045F66340FA
:10D78000C2F200000178013101700078072812D838
:10D7900045F68540C2F2000001784900017045F667
:10D7A000A540C2F200000178490001700078C0096C
:10D7B0008EF8000023E0187848B945F68540C2F29B
:10D7C0000000007845F68641C2F20001087045F677
:10D7D0008540C2F200000078197845F66744C2F22D
:10D7E0000004605445F6A440C2F20000002101701C
:10D7F00018780130187001208EF800101070107821
:10D8000080F00100107010782021002808BF4FF42C
:10D810000011CCF800109EF800004021002808BF3D
:10D820004FF48001CCF8001010BD000010B543F695
:10D830004000C4F20200016840F6004441F00801D3
:10D840000160C4F20004002020605320A062312057
:10D85000E0620120E060322000F0FEF9206840F034
:10D860000100206010BD000010B540F6FF3E0368C7
:10D87000C4F2000E40F2004C7045C4F2010C0FDC03
:10D88000B0F1804F19D040F20042C4F20002904241
:10D8900013D040F60002C4F2000290420DD010E016
:10D8A00040F60042C4F20002904206D0604504D027
:10D8B0000022C4F20102904203D14A6823F07003AF
:10D8C000134341F6FF72C4F2000290420DDC704532
:10D8D0001FDCB0F1804F41D040F20042C4F20002A0
:10D8E00090423BD040F6000221E043F6FF72C4F2C2
:10D8F0000102904220DC42F20002C4F20002904297
:10D900002CD00022C4F20102904227D0604525D0DD
:10D9100028E040F60042C4F2000290421ED041F6D8
:10D920000002C4F20002904218D041F60042C4F254
:10D930000002904212D015E044F20002C4F201024B
:10D9400090420BD044F60002C4F20102904205D08E
:10D9500044F20042C4F20102904203D1CA6823F4A7
:10D960004073134323F080024B69D1F800E08C68C8
:10D970001A430260C46240F48062C0F828E0624545
:10D9800004BF096901630121416110BD80B501F047
:10D990001F014FF0010CD0F820E00CFA01F32EEA41
:10D9A00003030362036A02FA01F11943016280BDB5
:10D9B00043F63001C4F20201086840F0010008603B
:10D9C0000020C4F20200026822F00F020260026826
:10D9D00042F00A020260026A22F0FF020262026A58
:10D9E00042F0880202620A6944F60C4042F40022C6
:10D9F000C4F200000A6141F2171140F8041C002132
:10DA000001600C210160816841F0C00181604FF428
:10DA1000805100BF013900BFFCD1016841F40051C1
:10DA20000160704743F63000C4F20200016841F023
:10DA300008010160016841F00401016040F6000145
:10DA4000C4F20201D1F8002422F03002C1F800240F
:10DA5000D1F8002442F02002C1F800240A6822F024
:10DA600040720A600A6842F000720A60D1F820240D
:10DA700022F47062C1F82024D1F8202442F400621C
:10DA8000C1F820244A6A22F470224A624A6A42F4A7
:10DA900000224A62026945F20C0142F48012C4F28B
:10DAA0000001026141F2171041F8040C00200860E7
:10DAB0000C200860886840F0C00088604FF48050F7
:10DAC000013800BFFCD1086840F40050086070477E
:10DAD00044F60041C4F20001486000BF0868000637
:10DAE000FCD501207047000043F63001C4F202016A
:10DAF000086840F00200086040F20040C4F20200F2
:10DB0000026822F470420260026842F4204202601D
:10DB1000026A22F07F420262026A42F0EE42026230
:10DB20004A6941F20C0042F01002C4F201004A615D
:10DB300040F2D92140F8041C002101600C21016051
:10DB4000816841F0C00181604FF48051013900BF0C
:10DB5000FCD1016841F400510160704743F6300187
:10DB6000C4F20201086840F00800086040F6004076
:10DB7000C4F20200026822F470520260026842F4A9
:10DB800020520260026A22F07F620262026A42F060
:10DB9000EE6202620A6944F20C4042F40032C4F2BE
:10DBA00000000A6141F2171140F8041C00210160D5
:10DBB0000C210160816841F0C00181604FF4805107
:10DBC000013900BFFCD1016841F400510160704788
:10DBD00043F63001C4F20201086840F00200086018
:10DBE00040F20040C4F20200026822F470020260B7
:10DBF000026842F420020260426A22F47F424262DA
:10DC0000426A42F4EE4242620A6944F60C0042F46F
:10DC10008022C4F200000A6141F2171140F8041C8E
:10DC2000002101600C210160816841F0C001816028
:10DC30004FF48051013900BFFCD1016841F400511B
:10DC400001607047FEE700004EF20010CEF20000C7
:10DC50004FF0005101607047C1B200F01F00012277
:10DC600002FA00F04EF20012CEF2000242EAD101B6
:10DC700021F0030108607047002848BF704700F09A
:10DC80001F01012202FA01F14EF200124009CEF208
:10DC9000000242F8201070474EF60C50CEF2000001
:10DCA0000068C0F3022070474EF6145300F00F02D4
:10DCB000CEF2000309011A4400F16043B0F1FF3FC6
:10DCC000C8BF03F564421170704700004EF60C5156
:10DCD000CEF200010A684FF6FF031A4060F30A22F1
:10DCE00042F0806040F0FD7008607047002848BF37
:10DCF00040427047072988BF70470122DFE801F0E2
:10DD0000110406080A0C0E1002220AE0042208E0A0
:10DD1000082206E0102204E0202202E0402200E077
:10DD2000802201781143017070470000A9B14A1E9A
:10DD30000F2A28BF1021C1F1000C00214FF0FF3342
:10DD4000C2185278013302F001029A4011430CEBE1
:10DD500003020132F4D188B27047002188B27047C3
:10DD6000B0B584B046F25945C2F200052C78012CBA
:10DD70004FF0000416D003460120287090B2CDE980
:10DD8000001046F204504FF47A7CC2F20000A02149
:10DD90001A461023CDF808C0F5F7D2FBB0FA80F090
:10DDA0002C704409204604B0B0BD00002DE9F04FAE
:10DDB00083B046F25943C2F2000314461A78012A8E
:10DDC00003D1002003B0BDE8F08F064601200D46C8
:10DDD0001870F5F7E3FA804664274FF0000A00BF99
:10DDE00043F20000C4F200004AF6AA21016006F0E6
:10DDF0001F00C0F1200B46F204505C4538BFA3461B
:10DE00001FFA8BF9B2B2C2F20000A0211023CDE9B3
:10DE100000590297F5F79CFC70B90A20F5F7D6F97E
:10DE2000B4EB09040AD05E444D44F5F7B7FAA0EB11
:10DE30000800B0F57A7FD3D3002000E0012046F23D
:10DE40005941C2F2000181F800A003B0BDE8F08F93
:10DE500080B500F02FF880BD10B592B046F6D8011D
:10DE6000C2F20001CA68012A04BF8A68027046F241
:10DE70005842C2F2000213785C1CD1E900311470E0
:10DE8000E2B290F800C0CDE9002143F234310DF147
:10DE90001604C0F6010120460292CDF80CC0F2F73C
:10DEA0009DFA46F29030C2F200002146F2F736FCAD
:10DEB00012B010BD46F610110020C2F2000140F66B
:10DEC000FC7200BF51F820306FF3153341F8203059
:10DED00011F8203003F0FD0301F8203011F8203054
:10DEE00003F0FE0301F8203051F82030934341F84D
:10DEF000203001300A28E5D146F6E8010020C2F2C0
:10DF0000000140F6FC7200BF11F8203003F0FD0361
:10DF100001F8203011F8203003F0FE0301F8203022
:10DF200051F82030934341F8203001300A28EBD1DA
:10DF300046F638110020C2F2000141F6F87200BF27
:10DF400011F8203003F0FB0301F8203051F82030A5
:10DF50006FF3563341F8203011F8203003F0FE0300
:10DF600001F8203011F8203003F0FD0301F82030D3
:10DF700051F82030934341F8203001300A28DFD196
:10DF800070470000B0B50C4601F04EFD002805D4E6
:10DF900005462046F2F7A3FB2844B0BD4FF0FF3002
:10DFA000B0BD000070B584B046F2A456C2F20006BF
:10DFB0000D46044606F22D106421F2F732FC20468D
:10DFC0002946FFF7DFFF411C13D0215C222913D122
:10DFD0002044411C002000BF0A5C222A26D02C2AA3
:10DFE00024D0632821D00A5C331883F82D21013016
:10DFF000F2E7002004B070BD0021204401AAADF872
:10E000000C10CDE9011101E053540131435C2C2B7C
:10E0100003D07D2B18BF0929F6D101A8F2F71CFB0C
:10E02000C6F89401022004B070BD63203044002182
:10E0300080F82D11012004B070BD00000000000028
:10E040009AB041F21805C4F20205F5F75FFCFEF73D
:10E05000ADFEF6F7BFFFF6F7A1FFF7F7E1F8F7F728
:10E06000FFF8F6F731FFFFF7E1FBFFF795F8FFF751
:10E0700071FAFFF739FDF4F70DFCF4F7DFFBFFF75A
:10E080006DFDF4F7DFFAF4F7B1FAFFF7CBFCF4F724
:10E0900009FBF4F7C7F9FFF79BFDF4F747FAF4F72C
:10E0A000EDF9FFF785FCF4F771FAF4F713FA46F28D
:10E0B0005C4046F27C31C2F20000C2F2000105224F
:10E0C000F4F76EFE46F25850C2F200000021F6F757
:10E0D00017F840F20C40C4F20000016841F0010161
:10E0E0000160FFF7B1FD45F65F40C2F20000012478
:10E0F0000470022028604FF4802028604FF48000D4
:10E1000028604FF4001028604FF4801028604FF40E
:10E1100000202860042028600A20F5F757F84FF403
:10E12000003028603220F5F751F842F2DD70C2F27B
:10E1300000000078002808BFF6F72CFD402041F2CF
:10E14000497243F200060090C0F601020520032147
:10E150005623C4F200060194F6F72CFCF6F7C4FD32
:10E1600000244AF6AA2500BF0A203560F5F72EF8EC
:10E17000092C04F10104F7D345F6F830C2F200008F
:10E1800001240470FEF7EAF8F3F78EFFFEF7C4F8F7
:10E19000F4F72AF8FEF75EF9FEF7A8F941F2BD00A0
:10E1A00040F20601C2F20000C2F2000100780A78D3
:10E1B000904241F2D000C2F2000004D1342A1CD3B4
:10E1C0000278022A19D000220A7041F2CE01C2F26E
:10E1D00000010A7041F2CF01047041F6D46545F6A2
:10E1E0003C40C2F20001C2F20005C2F200000A7017
:10E1F0002A700260FEF71AFA2C70F6F7E3F9FEF7C0
:10E20000BFFB45F6A740C2F20000407846F2070186
:10E21000C2F20001087042F69801C2F20001062025
:10E220000870FEF725FDF6F7CDF900200024F4F77D
:10E23000F7FBFFF70DFE46F2060741F6DB6141F6FC
:10E24000DA669FED6E9A9FED6EAB9FED6FBB45F664
:10E250002E49C2F20007C2F20001C2F20006B3EE7C
:10E26000028AC2F200090DF1500B09E042F6980053
:10E27000C2F20000007845F62C42C2F20002107093
:10E280008A46F4F70FFC43F200014AF6AA20C4F2D2
:10E2900000010860F4F760F8FDF71EFEF4F7AEFB2E
:10E2A00045F6F570C2F200000078132806D345F653
:10E2B000F570C2F200000470F3F78EF845F6F070C6
:10E2C000C2F200000078142811D345F6F071C2F2B2
:10E2D0000001087845F6FC721438087046F2000117
:10E2E000C2F200010868C2F2000210600C6045F63C
:10E2F000E870C2F200000088642861D345F6E87136
:10E30000C2F20001088852466438088040F6A60030
:10E31000C2F20000008841F21801B0F5966F4FF488
:10E320008020C4F2020138BF0420086038786328D6
:10E3300002D838780130387045F66140C2F20000EA
:10E340000078632806D845F66141C2F200010878DA
:10E350000130087041F6D561C2F2000114700C70F2
:10E36000307897280ED3022010700120087042F6F2
:10E370009901C2F20001087042F64901C2F200019F
:10E3800008701DE0307845280CD842F69900C2F29A
:10E39000000014700C70047042F64900C2F20000D4
:10E3A00004700DE0307851280AD330788B2807D8D4
:10E3B00042F699010120C2F200011070E0E700BFAF
:10E3C00045F6F270C2F200000088B0F5FA7F73D310
:10E3D00045F6F271C2F200010888A0F5FA700880D3
:10E3E00040F62800C2F2000090ED000AB4EE480AA0
:10E3F000F1EE10FA0CDA012017E000BF0000C8426D
:10E400000000000000001440000000000000E03F99
:10E4100040F62400C2F2000090ED000AB4EE480A73
:10E42000F1EE10FAACBF0020012040F6A401C2F2C8
:10E430000001087040F6B201C2F20001088840F6FF
:10E44000B002C2F2000210800C8040F62221C2F21B
:10E450000001088840F62023C2F2000318800C80D7
:10E46000B2F9000040F6AE0100EE100AB3F9000068
:10E47000B8EEC00A013801EE100AB8EEC11A80EEFB
:10E48000010AC2F2000120EE090A39EE400ABDEE8F
:10E49000C00A10EE100A0880B1F90000B0F1FF3F89
:10E4A000D8BF0C80B1F90000652805DB40F6AE004E
:10E4B000C2F2000064210180F3F73EFAFDF7F2F9A1
:10E4C00045F6A740C2F2000090F8350050B145F67D
:10E4D000A740C2F2000090F83500012808BFFDF700
:10E4E000B1FD01E0FDF7AEFD45F66540C2F200006A
:10E4F00000785146002840F0008145F66440C2F2A1
:10E50000000042F244750470C2F20005E87C297DE7
:10E51000800140EAC110A97C6A7C40EA41102B7C52
:10E5200040EA0210EF7BAA7B40EAC300697B40EA25
:10E53000870040EA420045F686470843C2F20007DA
:10E54000787042F64900C2F200000078E97D6A7DE9
:10E55000890041EAC000A97D40EA41001043B8703B
:10E56000A87FE97F800140EAC110697F2A7F40EAE5
:10E570004110E97E40EA0210AA7E40EAC100697EAD
:10E5800040EA82002A7E40EA41001043F87095F884
:10E59000222095F8233095F82110920095F820005C
:10E5A00042EAC30242EA4101084345F6A7423871F4
:10E5B000C2F2000292F83F00394601F8050F45F615
:10E5C000A640C2F20000007845F6674500280846DC
:10E5D00018BF02F13E000078C2F20005487045F60F
:10E5E0006740C2F200004078C0F38001C0F34012DF
:10E5F000914202BF42F64A02C2F200021175C0F314
:10E600004001C0F30012914202BF42F64A02C2F238
:10E610000002517500F00101C0F3C000814202BF49
:10E6200042F64A00C2F200008175A8783070E8789E
:10E6300002F0DDF853EC1A2B01F014FF01F0D4FEC8
:10E6400040F62801C2F200010860287902F0CFF8F4
:10E6500057EC1BBB5A463B4602F09AF902F098F879
:10E6600040F6E731C2F200010870687902F0BFF8A5
:10E670005A463B4602F08CF902F08AF840F6E8313F
:10E68000C2F200010870A87942F2E06200F00101D4
:10E69000C2F20002D172C0F340011173C0F38001D5
:10E6A0005173C0F3C0019173C0F30011D173C0F373
:10E6B00040111174C0F38011C00951749074E8794D
:10E6C00046F2060700F00101D174C0F34001117554
:10E6D000C0F38001C0F3C000907545F665405175E8
:10E6E000C2F20000082145F62E490170C2F200076F
:10E6F0005146C2F200090DF1500B38780B2872D345
:10E70000F6F726FE42F68501C2F2000191F90000FB
:10E7100010F1040FDCBFFD20087041F2D400C2F2FA
:10E7200000000078514600285DD0FEF707FB45F653
:10E73000A746C2F20006F07F002804BF0120F07750
:10E74000FDF7FEFE45F6F470C2F20000047045F6D7
:10E75000EA70C2F20000047045F6F070C2F20000E8
:10E76000047045F6E870C2F20000048045F6F270CD
:10E77000C2F20000048045F6EE70C2F200004FF4D1
:10E780007A71018045F6EC70C2F200000480B07826
:10E790006FF0010101EB400042F67A01C2F2000184
:10E7A0000870F07E6421484340F20401C2F2000187
:10E7B0000880088840F63401C2F20001088041F266
:10E7C000D400C2F200000470F3F76EFCFEF7D8F834
:10E7D000707846F20701C2F2000141F6DA6608706D
:10E7E0005146C2F2000642F2E270C2F20000007826
:10E7F0000AAB002805AD40F08581B9F8000043F66A
:10E800009922D846B34690420AD300204E46A9F832
:10E810000000F6F7BFF951465E46C346002471E199
:10E8200038785E460228C3464FF00004C0F06A8183
:10E830003878092834D842F2DD60C2F20000047052
:10E8400042F2E57B46F64370C2F2000BC7F26D0060
:10E85000CBF8000046F66940C3F66520CBF804000B
:10E860000A2059468BF80840F6F7A4FA43F21A3109
:10E8700006275846C0F6010140F27B520623009756
:10E8800046F20607C2F20007F1F7A8FD1D2059461F
:10E890000DF1500BF6F78EFAF6F726FA514631E1F4
:10E8A00042F68502C2F20002107800285CD010788F
:10E8B000FF2800F0BD801078FE2840F06D8141F601
:10E8C000DC61C2F20001087842F2C572C2F20002B5
:10E8D00058B142F2C970C2F2000014700C7004709A
:10E8E00042F2C670C2F2000004701078002800F0F6
:10E8F000D1811078012840F00A8245F60440C2F226
:10E90000000090ED000A43F28811BDEEC00A10EE3F
:10E91000102A5846C0F601019846F1F75FFD45F60A
:10E920001040C2F2000090ED000A43F29611BDEED5
:10E93000C00A10EE102A0FA8C0F60101F1F74EFD33
:10E9400045F61C40C2F2000090ED000A43F2A4110B
:10E95000BDEEC00A10EE102A4046C0F60101F1F7E4
:10E960003DFD8DF81440BDE345F6A740C2F200001E
:10E9700042F2E57B4278C2F2000B58460FF63401B2
:10E98000F1F72CFD012001215A46F6F7F9F945F679
:10E99000E670C2F20000B0F9002042F69A00C2F21E
:10E9A0000000B0F9003042F2E370C2F2000040F61D
:10E9B00021010078C2F200010F7843F2FC2100909F
:10E9C0005846C0F601010197F1F708FD0120222108
:10E9D0005A46F6F7D5F945F66240C2F200000078D3
:10E9E000D0B940F6AE00C2F20000B0F9002042F605
:10E9F0009800C2F200000378377842F2E57043F2E3
:10EA00000A31C2F20000C0F6010142F2E57B009734
:10EA1000C2F2000BF1F7E2FC012033215A46F6F76F
:10EA2000AFF9F6F761F946F20607C2F2000765E0B2
:10EA300041F6DC61C2F20001087842F2C572C2F20E
:10EA4000000240B341F6D360C2F2000000781070BB
:10EA500042F2C970C2F200000C70047042F2C6703B
:10EA6000C2F20000047041F68D60C2F2000000782E
:10EA7000462810D341F68D624FF0FF30C2F20002FB
:10EA80001118013045284C70FAD1FDF7FFFD42F214
:10EA9000C572C2F2000241F6D368C2F2000842F227
:10EAA000E57B1546127898F80030C2F2000B43F26D
:10EAB00079115846C0F60101F1F790FC01200121BF
:10EAC0005A46F6F75DF9287841F68D61C2F20001E9
:10EAD000085C40F64071C0F6010101EB0011584698
:10EAE000F1F7D9FD012011215A46F6F749F998F8B6
:10EAF00000000021FDF7AEFEF6F7F6F851460DF1E5
:10EB0000500B00BF45F62A40C2F20000007865288D
:10EB1000FFF4ACAB45F62A40C2F20000047045F6A3
:10EB20003540C2F20000027845F63440C2F20000DF
:10EB3000037845F63140C2F2000045F633410078D3
:10EB4000C2F2000145F6324745F660460978C2F246
:10EB50000007C2F200063F7835788DE8830044F65E
:10EB60000E6043F24E1146F20607C2F20000C0F6F4
:10EB7000010145F62E4941F6DA66C2F20007039517
:10EB8000C2F20009C2F20006F1F728FCC0B2FDF79C
:10EB90008BF95146FFF76ABB1078FD286CD141F61E
:10EBA000DC61C2F20001087842F2C57241F6E0630E
:10EBB000C2F20002C2F20003A8B142F2C970C2F26E
:10EBC000000014700C70047042F2C670C2F20000B3
:10EBD000047042F2CE70C2F20000447042F2C7707C
:10EBE000C2F200000470107841F2F34500EB4000DF
:10EBF00003EBC00040791178C0F6010501EB41013B
:10EC000003EBC10149790028285C08BF202041B9E5
:10EC1000117801EB410103EBC1018979002900F072
:10EC200052811178C2B201EB410103EBC101897934
:10EC300058466B5C0FF2E041F1F7D0FB42F2C5722F
:10EC4000C2F2000241F68160C2F2000090F90000B9
:10EC5000117842F2C87342F2C775C2F20003C2F2E1
:10EC60000005884240F090806C20ADF8400046F2EC
:10EC70004C50C6F2765096E046F24070C2F2000068
:10EC8000007864287FF43EAF46F24070C2F2000084
:10EC9000047001E640F62800C2F20000006802F0AD
:10ECA00041F8074640F62400C2F2000000680D4615
:10ECB00002F038F841EC100B43F2B2115846C0F69E
:10ECC00001013A462B468DED000BF1F787FB3278B8
:10ECD00043F2DD110FA8C0F60101F1F77FFB46F208
:10ECE0000701C2F20001087818B10878032840F043
:10ECF000C88046F206078DF828408DF81440C2F20D
:10ED000000070DF1500B0DF1280805ADEAE1107870
:10ED100002286DD147F67410C0F23A00159046F201
:10ED20005310C6F26650149045F63540C2F200000A
:10ED3000027845F63440C2F200009846037843F268
:10ED4000F8110FA8C0F60101F1F748FB45F6314074
:10ED5000C2F20000027845F63340C2F200000378A8
:10ED600043F29C214046C0F60101F1F737FB45F61E
:10ED70003240C2F20000027843F284212846C0F6F5
:10ED80000101F1F72BFBADE146F25350C0F27400E4
:10ED9000CDF8430046F65470C5F22030109044F68A
:10EDA0004560C2F254000F90187845F6A741C2F2B0
:10EDB000000128B142F68500C2F2000004701C7008
:10EDC000287838B1107842F6A202C2F2000282F826
:10EDD0007B082C70887800210138C0B2FDF73AFD1D
:10EDE000012001215A46F5F7CBFF22200FA951E55A
:10EDF000107803284ED140F6EC31C2F20001B1F98F
:10EE00000000B0F57A7F42F2C270C8BF0C80C2F237
:10EE10000000B1F90020037843F2C6215846C0F63D
:10EE20000101F1F7DBFA40F20C00C2F200000278B7
:10EE300040F20D00C2F20000037843F2D8210FA87F
:10EE4000C0F60101F1F7CAFA42F64A00C2F2000028
:10EE5000C279037A0DF1280843F2AB214046C0F68F
:10EE60000101F1F7BBFA42F2C370C2F2000002786E
:10EE700005AD43F2BD212846C0F60101F1F7AEFA17
:10EE800030E140F6D531C2F20001087804282CD1D7
:10EE900004232FE01078042857D142F64A00C2F22A
:10EEA000000098460379427943F2EA215846C0F6B9
:10EEB0000101F1F793FA2020ADF83C00ADF82800ED
:10EEC000ADF814000EE143F64220C3F22000169084
:10EED00047F26F20C5F22000159044F22060C6F67C
:10EEE0006C708DF85C401490ACE608780138B0FA8C
:10EEF00080F0430940F6E731C2F200010A7842F29D
:10EF0000B27103EB8303C0F6010101EB430743F247
:10EF1000C1110AA8C0F601013B460DF1500B804615
:10EF2000F1F75CFA40F6E830C2F20000027805AD75
:10EF300043F2CF112846C0F601013B46F1F74EFAE5
:10EF400046F20607C2F20007CCE01078052833D15C
:10EF500042F6A200C2F2000002789846437843F2DB
:10EF60002B215846C0F60101F1F738FA42F6A2000B
:10EF7000C2F200008278C37843F24F210FA8C0F696
:10EF80000101F1F72BFA42F6A200C2F20000027969
:10EF9000437943F273214046C0F60101F1F71EFAAE
:10EFA00042F6A200C2F200008279C37943F28B21BB
:10EFB0002846C0F6010193E01078062833D142F6C6
:10EFC000A200C2F20000027A9846437A43F2E611A8
:10EFD0005846C0F60101F1F701FA42F6A200C2F26A
:10EFE0000000827AC37A43F207210FA8C0F601011C
:10EFF000F1F7F4F942F6A200C2F20000027B437B73
:10F0000043F23C214046C0F60101F1F7E7F942F630
:10F01000A200C2F20000827BC37B43F2602128463B
:10F02000C0F601015CE01078072832D142F6A20058
:10F03000C2F2000090F8D022984690F8D13243F204
:10F040001A215846C0F60101F1F7C8F942F6A200AC
:10F05000C2F2000090F8D22290F8D3320FA846A155
:10F06000F1F7BCF942F6A200C2F2000090F8D422F7
:10F0700090F8D532404645A1F1F7B0F942F6A2002A
:10F08000C2F2000090F8D62290F8D732284644A168
:10F0900026E010789846082824D142F6A205C2F24C
:10F0A000000595F8D82295F8D93258461EA1F1F7F7
:10F0B00095F995F8DA2295F8DB320FA81FA1F1F740
:10F0C0008DF995F8DC2295F8DD32404620A1F1F764
:10F0D00085F995F8DE2295F8DF3205AD284621A1A5
:10F0E000F1F77CF908200121FDF7B4FB0120012193
:10F0F0005A46F5F745FE012011210FAAF5F740FE0B
:10F10000012022214246F5F73BFE012033212A4609
:10F11000F5F736FEFFF7C0BB20466C6F6F722050CC
:10F12000423A2025632563004350393A2025752053
:10F130002C435031303A20257500000043503131C6
:10F140003A202575202C435031323A202575000095
:10F15000435031333A202575202C435031343A2026
:10F1600025750000435031353A202575202C435039
:10F1700031363A20257500004350333A202575205A
:10F180002C4350343A202575000000004350353A96
:10F19000202575202C4350363A20257500000000AC
:10F1A0004350373A202575202C4350383A20257596
:10F1B0000000000025750000F0B581B046F244055E
:10F1C00046F24174C4F202050020C2F2000445F880
:10F1D000040C20464FF496714FF49677F1F721FB1B
:10F1E0002868C0F12C00010684F8C80010D042F253
:10F1F0008042601E4FF0FF31C2F2000253185B786C
:10F200008E1C00F8013F94F8C83001319E42F5D3BE
:10F2100042F28040C2F200004FF496712F60F1F785
:10F2200000FBF3F757F901B0F0BD00002DE9F04FF6
:10F2300003AF81B01C461B3323F00703ADEB03057E
:10F24000AD462870100AA870200A6970EA7028710B
:10F250006C7124B1B969A81D2246F1F76BFA04F16B
:10F260000608182628464146C4F20206F2F7FAFEBE
:10F2700025F808000934013D4FF008084FF4002933
:10F28000C6F8008015F8010FFEF722FC013CC6F815
:10F290000090F5D1A7F10C040020A546BDE8F08F41
:10F2A0002DE9F04146F24174C2F2000420780128B1
:10F2B00030D1607803282DD1A07894F8038020798C
:10F2C000617941EA00263019B11DC779655C204695
:10F2D000F2F7C8FEC72E1DD845EA072180B2884242
:10F2E00018D146F60A00C2F200004EB1611D421C60
:10F2F000334600BF11F8017F013B02F8017FF9D1CD
:10F30000A0F8CA6080F8008090F8CC1041F00101AC
:10F3100080F8CC100020BDE8F081000010B592B05C
:10F3200046F25841C2F200010A788446501C087027
:10F3300046F6D801C2F20001D1E90031C2B2CDE9EE
:10F34000002143F234310DF11604C0F601012046CC
:10F350000292CDF80CC0F1F741F846F29030C2F2BB
:10F3600000002146F1F7DAF912B010BDF0B591B006
:10F3700046F6D805C2F200052C68002C00F0E180AA
:10F380006E68012C40F0E780642EC0F2E48048F201
:10F390001F54C5F2EB1456FB04F0411101EBD07081
:10F3A000642700FB176102290AD141F6E06100EBF6
:10F3B0004000C2F2000101EBC0001638FEF74CFD20
:10F3C000696851FB04F0421102EBD07000FB171189
:10F3D00003290AD141F6E06100EB4000C2F20001CE
:10F3E00001EBC0001538FEF737FD6968642651FB54
:10F3F00004F0421102EBD07000FB161104290AD16F
:10F4000041F6E06100EB4000C2F2000101EBC000F8
:10F410001438FEF721FD696851FB04F0421102EB3C
:10F42000D07000FB161105290AD141F6E06100EB0E
:10F430004000C2F2000101EBC0001338FEF70CFDE2
:10F440006968642651FB04F0421102EBD07000FBA6
:10F45000161106290AD141F6E06100EB4000C2F224
:10F46000000101EBC0001238FEF7F6FC696851FBA1
:10F4700004F0421102EBD07000FB161107290AD1EB
:10F4800041F6E06100EB4000C2F2000101EBC00078
:10F490001138FEF7E1FC6968642651FB04F0421163
:10F4A00002EBD07000FB161108290AD141F6E06189
:10F4B00000EB4000C2F2000101EBC0001038FEF783
:10F4C000CBFC696851FB04F0421102EBD07000FBE9
:10F4D000161109290AD141F6E06100EB4000C2F2A1
:10F4E000000101EBC0000F38FEF7B6FC6968642626
:10F4F00051FB04F0421102EBD07000FB16110A29F7
:10F500000AD141F6E06100EB4000C2F2000101EBDC
:10F51000C0000E38FEF7A0FC696851FB04F04211F0
:10F5200002EBD07000FB16110B2940F09D8041F6D4
:10F53000E06100EB4000C2F2000101EBC0000D38B9
:10F5400005E0686845F6A741C2F200010844FEF7ED
:10F5500083FC11B0F0BD022C0DD1012E0BDB40F06D
:10F56000858042F64A00C2F200001721FEF7DEFB5A
:10F57000022E7ED084E0032C60D1012E5EDB0BD105
:10F5800045F60440C2F2000090ED000ABDEEC00A4C
:10F5900010EE100AFFF7C2FE686802280BD145F68C
:10F5A0001040C2F2000090ED000ABDEEC00A10EE5D
:10F5B000100AFFF7B3FE686803280BD145F61C401C
:10F5C000C2F2000090ED000ABDEEC00A10EE100A73
:10F5D000FFF7A4FE686804280BD140F62800C2F2A9
:10F5E000000090ED000ABDEEC00A10EE100AFFF711
:10F5F00095FE686805280BD140F62400C2F2000091
:10F6000090ED000ABDEEC00A10EE100AFFF786FE6C
:10F610006868062806D140F6E730C2F2000000789C
:10F62000FFF77CFE686807281ED140F6E830C2F27A
:10F6300000000078FFF772FE11B0F0BD042C13D16A
:10F64000012E11DB06D145F64140C2F200000078E0
:10F65000FFF764FE6868022806D145F64040C2F212
:10F6600000000078FFF75AFE11B0F0BD0020022E16
:10F6700006D142F66100C2F200001921FEF756FBE6
:10F68000032E30D0042E37D0052E3ED0062E46D085
:10F69000072E50D0082E06D145F65640C2F2000083
:10F6A0000821FEF743FB46F25841C2F200010A78F6
:10F6B0000DF1120501320A7043F23431D2B287B231
:10F6C000C0F6010128462346CDE9002602920397A1
:10F6D000F0F784FE46F29030C2F200002946F1F7BE
:10F6E0001DF811B0F0BD40F6BD30C2F2000013218C
:10F6F000FEF71CFB042EC7D140F6BD30C2F200005D
:10F700001321FEF713FB052EC0D142F6A200C2F270
:10F7100000004FF4B471FEF709FB062EB8D142F693
:10F72000A200C2F2000000F534704FF4B471FEF78D
:10F73000FDFA072EAED145F6354145F63442C2F208
:10F740000001C2F2000209781278084302F07F013A
:10F7500045F63142C2F20002127840EA410002F05E
:10F760003F0145F63342C2F20002127840EA8100BE
:10F7700002F01F0145F63242C2F20002127840EA5E
:10F78000C10002F00F0145F62D42C2F200021278CC
:10F7900040EA011002F0070145F66042C2F20002A1
:10F7A000127840EA411002F0030140EA8110082E6D
:10F7B0007FF479AF70E700002DE9F04F8FB046F28B
:10F7C000584046F29034C2F200000025C2F2000414
:10F7D000057004F11000B821F1F745F843F230004C
:10F7E00043F6222146F6721242F27B23C0F2220037
:10F7F000C3F22211C6F66142C6F27353C4E9003265
:10F80000C4E9021046F2A454C2F2000446F6D80835
:10F810000FF254190DF10A0704F22D16C2F2000876
:10F820000FF24C1A0FF2501B0FE020463946FEF73C
:10F83000B9FB022804BFD4F89401C8F80C00FFF704
:10F8400095FD00BF01350A2D77D0384649462A4636
:10F85000F0F7C4FD20463946FEF7A4FB0028F1D09E
:10F8600020463946FEF79EFB012804D13046F0F7CA
:10F87000F3FEC8F8000020463946FEF793FB022845
:10F8800004BFD4F89401C8F80000384651462A460F
:10F89000F0F7A4FD20463946FEF784FB0028D1D0BE
:10F8A00020463946FEF77EFB012804D13046F0F7AA
:10F8B000D3FEC8F8040020463946FEF773FB022841
:10F8C00004BFD4F89401C8F80400384659462A46C3
:10F8D000F0F784FD20463946FEF764FB0028B1D0DE
:10F8E00020463946FEF75EFB012804D13046F0F78A
:10F8F000B3FEC8F8080020463946FEF753FB02283D
:10F9000004BFD4F89401C8F8080038461CA12A4660
:10F91000F0F764FD20463946FEF744FB002891D0FD
:10F9200020463946FEF73EFB01287FF47EAF304685
:10F93000F0F792FEC8F80C0077E746F29034C2F276
:10F9400000042046F0F7CBFE7D2121522046F0F73F
:10F95000C6FE83B20120032102220094FFF766FC59
:10F960000FB0BDE8F08F00BF2261722564223A001B
:10F970002261642564223A002264612564223A00EF
:10F980002273742564223A002DE9F04F81B00C46B1
:10F9900019215143A1F5487242F2EE7392B2C0F6BA
:10F9A00001039A5C46F66413C2F200031F78814695
:10F9B000D01946F21C0B0130A1F21F3A0026C2F208
:10F9C000000B187003E000BF01360C2E29D00AEBA3
:10F9D000460042F2EE7180B2C0F601010F5A06EB0A
:10F9E00009054FF0000806E008F10108B8F10F0F13
:10F9F0004FEA5707E8D0F807F6D004EB0801C8171C
:10FA000001EB5070C21002EB420005EB40104309BD
:10FA10001A2BE9D8A1EBC2015844C9B2FEF76AF922
:10FA2000E2E701B0BDE8F08F10B50446F0F721FE23
:10FA3000011B002808BF4FF0FF31084610BD000031
:10FA400080B581B04FF0000CCDF800C000980928B7
:10FA50003BDC46F61011C2F2000140F6FC7E09E0E4
:10FA600020EA0E0041F82300009801300090009831
:10FA70000A282ADA009811F82020009B920751F8F2
:10FA80002300EDD551F823200430800860F38B0269
:10FA900041F82320009851F82000009AC0F3890013
:10FAA00051F82220C2F309329042DDD9009851F872
:10FAB000202022EA0E0241F82020009811F8202090
:10FAC00042F0010201F82020CEE7CDF800C00098F6
:10FAD000092837DC46F6E800C2F2000040F6FC7C5C
:10FAE0000AE000BF23EA0C0140F82210009901311E
:10FAF000009100990A2925DA009A10F82210009A3C
:10FB0000890750F82230EDD5009A13EA0C0F0BD07C
:10FB100050F8221050F8223001F6FC71890861F388
:10FB20008B0340F82230E1E710F8221001F0FD01CC
:10FB300000F82210009910F8212042F0010200F88C
:10FB40002120D3E701B080BD5FEA400C08BF91F0EF
:10FB5000000F4FEA8C234FEAC12243EA51514FEA8A
:10FB60001C5018BF00F5F0404FEA300018BF41F0BC
:10FB700000415FEA6C5C00F02980BCF1FF3F08BFE8
:10FB800040F080407047130C06BF12044FF0100C79
:10FB90004FF0000C130E04BF12020CF1080C130FEF
:10FBA00004BF12010CF1040C930F04BF92000CF17E
:10FBB000020CD30F04BF52000CF1010C11464FF0A0
:10FBC0000002A0F11F00A0EB0C00704711F0004FE5
:10FBD00008BF704731F000413FF4D5AF0B0C06BFB2
:10FBE00009044FF0100C4FF0000C0B0E04BF09027B
:10FBF0000CF1080C0B0F04BF09010CF1040C8B0F66
:10FC000004BF89000CF1020CCB0F04BF49000CF1BA
:10FC1000010CCCF1200322FA03F341EA030102FABA
:10FC20000CF2A0EB0C0000F10100704723F07F47BD
:10FC300020F07F4C80EA030000F00040ACEB0703AB
:10FC400003F57C5303F1FF032DE9804909B44FEA22
:10FC5000144324EA03484FEA154B25EA0B4E0FF2F2
:10FC6000042606EB13273E7803FB0667C7F500075B
:10FC700007FB06F64FEAD64606F102064FEA54376E
:10FC800007FB066CCCF1005C4FEA1C472CEA074CE2
:10FC90000CFB06F507FB06F404EB15464FEA961637
:10FCA00049085FEA320234BF00204FF000404FEABB
:10FCB000D13706FB07FC4FEA1C4C0CFB0BF7D21BA1
:10FCC00003FB0CF761EB07010CFB0EF7B0EB0740F1
:10FCD00072EB17420CFB08F734BFA2EB0742B2EB02
:10FCE000074261EB17414FEA0C444FEA910706FBCC
:10FCF00007FC4FEA1C4C0CFB0BF7B0EBC74072EB58
:10FD0000573203FB0CF734BFA2EBC742B2EBC7423A
:10FD100061EB57310CFB0EF7B0EBC70072EB57727B
:10FD20000CFB08F734BFA2EBC702B2EBC70261EBD2
:10FD300057714FEA816141EA92114FEA826242EAC9
:10FD400090124FEA806004EBCC04039F4FEAD13756
:10FD500006FB07FC4FEA1C4C0CFB0BF7D21B03FB0A
:10FD60000CF761EB07010CFB0EF7B0EB074072EBF1
:10FD700017420CFB08F734BFA2EB0742B2EB074275
:10FD800061EB17414FEA8C5504EB9C244FEA910735
:10FD900006FB07FC4FEA1C4C0CFB0BF7B0EBC74013
:10FDA00072EB573203FB0CF734BFA2EBC742B2EB46
:10FDB000C74261EB57310CFB0EF7B0EBC70072EB9B
:10FDC00057720CFB08F734BFA2EBC702B2EBC702B5
:10FDD00061EB57714FEA816141EA92114FEA826209
:10FDE00042EA90124FEA806015EB4C2544F1000482
:10FDF0004FEAD13706FB07FC4FEA1C4C0CFB0BF714
:10FE0000D21B03FB0CF761EB07010CFB0EF7B0EB09
:10FE1000074072EB17420CFB08F734BFA2EB074216
:10FE2000B2EB074261EB17414FEA813141EA92415F
:10FE30004FEA823242EA90424FEA80304FEA0C7633
:10FE400015EB1C1544F1000448EA03434EEA0B4845
:10FE50004FF0000EB2EB080C71EB030724BF6246B3
:10FE600039464EEB0E0E4FF0000B0018524149413F
:10FE70004BEB0B0BB2EB080C71EB03077BF1000BA8
:10FE800024BF624639464EEB0E0E4FF0000B0018B1
:10FE9000524149414BEB0B0BB2EB080C71EB0307E2
:10FEA0007BF1000B24BF624639464EEB0E0E51EA41
:10FEB000020718BF46F0010616EB0E7655F1000258
:10FEC00054F1000103D5BDE88901BDE80088BDE813
:10FED0008901BDE80048B619524141EB0101A3F187
:10FEE0000103704780807F7E7D7C7B7A797877768E
:10FEF00076757473727171706F6E6E6D6C6C6B6A07
:10FF00006A696868676666656464636362616160A4
:10FF1000605F5F5E5E5D5D5C5C5B5B5A5A59595821
:10FF2000585757565655555554545353525252518B
:10FF3000515050504F4F4F4E4E4D4D4D4C4C4C4BE1
:10FF40004B4B4A4A4A494949484848474747474628
:10FF50004646454545444444444343434342424264
:10FF6000424141419C46002B30D477002BD04FEAD0
:10FF700037071CB503B44FF010004FF01001BAF171
:10FF8000000F06D0BCF1000FDCBF40F0080040F0CD
:10FF900008014FF000000FBCBDE810400BF1010B51
:10FFA000BBF1010F08BF5FEA170722BF12F1010280
:10FFB00011F101014FF0004143F1000300F0004056
:10FFC00043EA00007047F9D35708D0E746EA0646EF
:10FFD0004FEA164613F1400F1FDD13F1200FDFBF6C
:10FFE00016430A46002120335B42BED0C3F12007EE
:10FFF00046EA06464FEA164602FA07F746EA0706B9
:020000040801F1
:1000000022FA03F2C3F1200701FA07F742EA0702D6
:1000100021FA03F14FF00003A7E746EA020646EA99
:1000200006464FEA164646EA0106BCBF46EA0646C1
:10003000360C4FF000034FF000024FF0000194E740
:100040002DE9804C70B49A46934691E8380007C871
:1000500031EA400C48BF34EA430C03D5FFF7E6FD14
:10006000FFF780FFF0BCBDE8008C2DE9804C70B438
:100070009A46934691E8380007C810F0804F08BFB1
:1000800013F0804F03D100F005F8FFF76BFFF0BCD1
:10009000BDE8008C20F07F4723F07F4C80EA03000E
:1000A00000F0004007EB0C03A3F57C53A3F1FE0323
:1000B00092F0000F00F0B38095F0000F00F0778011
:1000C0002DE901494FEA114021EA00484FEA144660
:1000D00024EA064700FB06FC08FB06F607FB08F8C7
:1000E00018EB06484CEB164C00FB07F718EB0748DB
:1000F0004CEB17404FEA124B22EA0B4E4FEA1546E3
:1001000025EA06470BFB06FC0EFB06F607FB0EFE78
:100110001EEB064E4CEB164C0BFB07F71EEB074E87
:100120004CEB174B18EB0B0840F1000018EB0E0BD3
:1001300058EB000840F100008F1A4FF000014FF01B
:1001400000063CBFC943661B14BFB5EB040C00217D
:100150003CBFC943F61B4FEA174427EA04454FEA60
:100160001C472CEA074C04FB076205FB07F70CFB56
:1001700005F616EB074642EB174204FB0CFC16EBA8
:100180000C4642EB1C421BEB060658EB02024141B7
:100190004EEA8E0E46EA9E0601D5BDE80189B619E3
:1001A000524141EB0101A3F10103BDE801894FEA8E
:1001B000144524EA05464FEA114721EA074C05FB9E
:1001C00007F406FB07F70CFB06F111EB074144EBC4
:1001D000174405FB0CFC11EB0C4144EB1C444FEAAB
:1001E000124722EA074C05FB07F206FB07F70CFB58
:1001F00006F616EB074642EB174205FB0CFC16EB26
:100200000C4642EB1C456A1854F1000148BF704788
:10021000B619524141EB0101A3F10103704795F07A
:10022000000F37D04FEA114221EA02464FEA144745
:1002300024EA074C02FB07F106FB07F70CFB06F468
:1002400014EB074441EB174102FB0CFC14EB0C448C
:1002500041EB1C414FEA154725EA074C02FB07F525
:1002600006FB07F70CFB06F616EB074645EB1745B2
:1002700002FB0CFC16EB0C4645EB1C42121951F12B
:10028000000148BF7047B619524141EB0101A3F18B
:10029000010370474FEA144524EA05464FEA114727
:1002A00021EA074C05FB07F106FB07F70CFB06F2FA
:1002B00012EB074241EB174105FB0CFC12EB0C4221
:1002C00051EB1C414FF0000648BF7047921841EBBC
:1002D0000101A3F10103704703B4019841000098A4
:1002E00050EAC12018BF04204A0D18BF40F0010099
:1002F00040F2FF72B2EB515F08BF40F002000128EC
:1003000008BF052002B0704700B52DED048BB0EE9C
:10031000409AF0EE609A83B051EC190B00F036FC75
:1003200041EC180B18EE100A18EE901A8DED008BA8
:10033000002818BF0120084320F00040C0F17F6072
:1003400000F1E040C00F14D019EE101A19EE900A17
:100350008DED009B002918BF0121084320F00040CB
:10036000C0F17F6000F1E040C00F04BF0120F0F752
:10037000EEFAB0EE480A03B0F0EE680ABDEC048B6A
:1003800000BD30380A2801D2012070470020704794
:1003900010B500290AD00878002807D0054878440D
:1003A000F0F78AFA002801D0002010BD02487844F6
:1003B00010BD0000463000003E30000010B500299E
:1003C0000AD00878002807D005487844F0F774FA76
:1003D000002801D0002010BD0248784410BD000064
:1003E000363000002E30000021F0004201F00043C2
:1003F000A2F16052B2F5801F28BFD2F17F6C0BD9F9
:100400005FEA001C43EAC20242EB507018BF70471B
:1004100028BF20F001007047B2F5801FBCBF18460E
:1004200070474FEA410C1CF5001F02D2084600F04D
:1004300021BD70B500F056FB00000089FFF7F6BF44
:100440004FF00040A0F580007047491058BFC1F13F
:1004500040415B1058BFC3F140438B42EFF3008033
:10046000704700002DE9C04130B4DFF8A4C23CEA77
:10047000111418BF3CEA131400F0ED801CEA1114AB
:1004800081EA030544EAD57418BF1CEA131500F08D
:10049000C880A4EB050404F17F7404F500344FF028
:1004A000004545EAC12145EAC32341EA505143EAE8
:1004B00052534FEAC0204FEAC222994208BF9042ED
:1004C00000F09D804FEA13650FF24416765D4FEA07
:1004D000134506FB05F7C7F1807706FB07F74FEAE0
:1004E000D737A7FB03687642A7FB06CEC8F580384E
:1004F00038BFA8F1010807FB08E6A6FB028C4FF005
:10050000000EE6FB03CEDCF1000CCEF1004E38BF4E
:10051000AEF1010EA6FB0C584FF00007E6FB0E876C
:10052000A1FB08C6A0FB07CE16EB0E064FF0000598
:1005300045F10005E1FB076515F1E04E7EBFA4F52E
:1005400080345FEA46066D4116F1800745F10005EB
:100550004FEA172747EA05674FEA15254FEA06666F
:10056000A6F1DE46B6F1805F20D9384605EBC471AE
:1005700024F0010C01EB0C11BCF1FE6F02D8F0BCB1
:10058000BDE8008124425CBF01F5801E9EEAC47F65
:1005900002D4F0BCBDE80081244200F13980A1F111
:1005A000C041F0BCBDE8004100F0EABA4FEAD020FB
:1005B00040EA41504FEAD1214FEAD22242EA435267
:1005C0004FEAD323A7FB028607FB036605FB0266FF
:1005D0001EEA0E0F58BFA6EB0056B6EB00564FEAC8
:1005E000520E4EEAC37E18EB0E0E56EB530EBCD5E0
:1005F00018EB02085E417F1C55F10005B5E74FF48A
:1006000080154FF000074FF000064FF00008ACE7F0
:1006100001F1C04101F000414FF00000F0BCBDE825
:1006200000810CEA131511EA0C1F00D00CE013EA4C
:100630000C1F00F026804FF0000081EA030101F05A
:100640000041F0BCBDE80081F0BCBDE8004181EA9A
:10065000030100F095BAF0BCBDE8004170B500F0B0
:1006600041FA00BF097EFC3E00F007B84FF00000E1
:1006700081EA030101F00041704781EA030100F0C3
:100680007FBAF0BCBDE8004122494FF0000070473E
:10069000FFFDFBF9F7F5F4F2F0EEEDEBE9E8E6E447
:1006A000E3E1E0DEDDDBDAD8D7D5D4D3D1D0CFCDCE
:1006B000CCCBCAC8C7C6C5C4C2C1C0BFBEBDBCBB07
:1006C000BAB9B8B7B6B5B4B3B2B1B0AFAEADACAB02
:1006D000AAA9A8A8A7A6A5A4A3A3A2A1A09F9F9EDC
:1006E0009D9C9C9B9A99999897979695959493938E
:1006F000929191908F8F8E8E8D8C8C8B8B8A898925
:1007000088888787868585848483838282818180A7
:100710000000FF070000F87F51EA030C17D41CF516
:10072000801F58BFBCF5801F00F10680994218BF9A
:10073000704708BF9042704707D711F5801F58BF18
:1007400013F5801F19D499427047894270471CF5F0
:10075000801F08D5BCF5801FF7D58B4218BF7047A6
:1007600008BF824270474FF4001C1CEB410F38BF9A
:100770001CEB430F01D28B42704770B500F0B2F909
:10078000922449004FF000514FF08053FFF75DBEB7
:100790004FEA41034FEA5353A3F58063D3F11E039D
:1007A000C8BFD3F1210C0CDD4FF0004242EAC12258
:1007B00042EA505232FA03FC8CEAE17CACEBE17085
:1007C0007047102BC4BF0020704703F5787CBCF144
:1007D000FF3F04D06FF0004282EA2100704770B5FD
:1007E00000F080F94992248000207047F2E7B0FAC7
:1007F00080F310FA03F10AD0C3F11D0303F58063FF
:100800004FEA03524FEA415002EBD12170474FF0BB
:1008100000007047B1FA81F30B3B20D3994010D10F
:10082000B0FA80F310FA03F108BF7047C3F11D035B
:1008300003F580634FEAD1224FEA415002EB0351A6
:100840007047C3F1200C20FA0CFC41EA0C019840DF
:10085000C3F1320303F5806301EB03517047C3F129
:10086000320C0CF5806210B5C3F10004C4F1200E07
:1008700001FA0EFC21FA04F100FA0EF3E04040EA1E
:100880000C00BDE8104001EB025138BF7047401C1E
:1008900041F100015B0008BF20F00100704700003B
:1008A00051EA030C17D41CF5801F58BFBCF5801FFC
:1008B00000F10680994218BF704708BF9042704708
:1008C00007D711F5801F58BF13F5801F19D499421F
:1008D0007047894270471CF5801F08D5BCF5801F02
:1008E000F7D58B4218BF704708BF824270474FF45C
:1008F000001C1CEB410F38BF1CEB430F01D28B4295
:10090000704770B500F0EEF8922449004FF0805126
:100910004FF00053FFF799BD51EA030C17D41CF5B3
:10092000801F58BFBCF5801F00F10680994218BF98
:10093000704708BF9042704707D711F5801F58BF16
:1009400013F5801F19D499427047894270471CF5EE
:10095000801F08D5BCF5801FF7D58B4218BF7047A4
:1009600008BF824270474FF4001C1CEB410F38BF98
:100970001CEB430F01D28B42704770B500F0B2F808
:10098000922449004FF000514FF08053FFF75DBDB6
:1009900070B5DFF848C11CEA111E1EBF1CEA131512
:1009A0009EEA0C0F95EA0C0F00F06F8081EA0304B9
:1009B0004EEAD47EAE4421EA4C1123EA4C1341F4B2
:1009C000801143F48013AEF17F7EA1FB024CA0FBAB
:1009D0000365361955EB0C05A1FB034C4CF10003E4
:1009E000A0FB021C16EB0C06654153F10003094203
:1009F00018BF46F0010613F4007F0BD14FEA033114
:100A00004FEA053041EA155140EA165034036FF0C1
:100A100003020AE04FEAC3214FEAC52041EA5551DB
:100A200040EA5650F4026FF0020202EB2E4201EB54
:100A3000025585EACE710AD05FEA440C18BF24F053
:100A4000004450F1000041F1000120EAD47040F26E
:100A5000FE7C624500D270BDA84214BF4FF08044B6
:100A60004FF04044002E08BF0024BEF1806FA8BFA5
:100A7000A1F1C041BDE8704080F2828001F1C04127
:100A800001F000414FF0000070470CEA13159EEA98
:100A90000C0F18BF95EA0C0F06D081EA030E4FF039
:100AA00000000EF0004170BD00F01CF88900013E0E
:100AB00000F007B800F009B84FEA430C5FEA5C5C4D
:100AC00008D081EA030100F05BB84FEA410C5FEA0D
:100AD0005C5CF6D102494FF0000070470000FF0750
:100AE0000000F87F0EF1020E2EF0030E5EF8046B8C
:100AF000364205D4012A43EB030515F5001F12D831
:100B0000012841EB010C1CF5001F0CD80ED14FEA57
:100B1000D17C0CEB4C0C0CF1020C15F5001F08BF3E
:100B20004CEBD37C04E04FF0080C01E04FEAD37C9F
:100B30000CEB4C0526FA05F606F00706B6F1040C98
:100B400006D20EEB860CBDE870404CF0010C6047FD
:100B5000DFE80CF0090B02024FF00041A1F5002183
:100B60004FF0000070BD19461046012851EB0104FA
:100B700018BFD4F5001484BF002001F0004170BDFF
:100B80000808A0F500114FEA310170472DE9F04146
:100B900001F5801CBCF5001FC0F2A9804FEA115C72
:100BA00021EA0C5141F480110CF1FD0C5FEA5C0C60
:100BB0000CF5C07C01D340004941890241EA9051C3
:100BC00087022EA48E0EA45D0A0C04FB04F602FB21
:100BD00006F6C6F14046A4FB0662F60D46EA42263A
:100BE00006FB06F4A4FB01235242C3F1404338BF85
:100BF0005B1EA6FB02420024E6FB0324D20B42EA62
:100C00004446A6FB0623A1FB02E2A3FB07E4E3FBA9
:100C100061426442C2F1404E38BFAEF1010EA6FB04
:100C200004234FF00002E6FB0E32A2FB0346340021
:100C3000E2FB6264A1FB06E6A4FB07E8E4FB616853
:100C40007642C8F1405838BFA8F10108A2FB06E47B
:100C5000A3FB08E5E2FB6854A1FB05E6A7FB04E85B
:100C6000E1FB648618F1200556F10006A80940EA68
:100C70008660B109A8F11B0808F03F08B8F10A0F17
:100C80001CD901EB0C51BDE8F08100BFFCF5EEE88A
:100C9000E2DDD8D3CFCBC7C3C0BDB9B6B4B1AEAC1B
:100CA000A9A7A5A3A19F9D9B9A9896959392908F93
:100CB0008D8C8B898887868584838281A0FB0068E0
:100CC00000FB01F208EB4208B8EB872807D534187F
:100CD00058EB0104D5D5401C51F10001D1E7341A7D
:100CE00078EB0104CDD4401E71F10001C9E75FEA41
:100CF0004C0C5FEA9C5C0DD105D301F000414FF034
:100D00000000BDE8F081BDE8F04170B5FFF7EAFEF4
:100D10006DDBFFBEBDE8F04101494FF000007047B8
:100D20000000F87F43004FEAD30C4FEA3C0C4340ED
:100D30001FBF40070CF1605113F0FE4F70471CF0CD
:100D4000006F03D10CF00041002070470CF000430D
:100D500043EA507040EACC0010B500F038F800BF0C
:100D6000000000924FEA0001FFF70ABF4FF0004178
:100D7000A1F500214FF00000704710B5FFF7CCFC43
:100D80000CBF0120002010BD10B5FFF7C5FC14BF3B
:100D90000120002010BD10B5FFF782FD8CBF01209F
:100DA000002010BD10B5FFF77BFD2CBF01200020F7
:100DB00010BD10B5FFF7B0FD94BF0120002010BD9D
:100DC00010B5FFF7A9FD34BF0120002010BD0EF1C2
:100DD000020E2EF0030E5EF8044B244204D44FEAB8
:100DE0004102B2F17F4F11D84FEA4003B3F17F4F78
:100DF0000CD80ED14FEAD07C0CEB4C0C0CF1020C51
:100E0000B2F17F4F08BF4CEBD17C04E04FF0080CEF
:100E100001E04FEAD17C0CEB4C0324FA03F404F01C
:100E20000704B4F1040C06D20EEB840CBDE81040AC
:100E30004CF0010C6047DFE80CF0070802024FF0AD
:100E40000040A0F5800010BD0846420018BFD2F156
:100E5000807288BF00F0004010BDF1EE100A4FF61E
:100E6000FF71C0F2C03120EA010040F04070E1EEB5
:100E7000100A7047FF2141EAD050C0057047EFF7D4
:100E80009DBE0400000800000000000000020001F8
:100E90000000100002400000000000A00000000060
:100EA00005400000000000C8000000000C400000E9
:100EB0000000409C00000000194000000020BCBE63
:100EC0000000000034400000BFC91B8E0000000479
:100ED000B5400000504BCFD06607E2CF01000000C4
:100EE0006C4100003E8251AADFEEA73401000000F1
:100EF000D9420000DCB5A0E23A301F97FFFFFFFFA8
:100F0000B4450000FD25A0C8E9A3C14FFFFFFFFFC6
:100F1000FF3F00000000008000000000FF3F0000D5
:100F20000000008000000000000000000000000041
:100F3000010203040607080900000000010203047F
:100F40004E4F204552524F5200000000000000005A
:100F500044617920436F756E746572210000000052
:100F60004572726F72204341312F43414E20000081
:100F700043757420363600000000000000000000B9
:100F800043757420363900000000000000000000A6
:100F90004375742036380000000000000000000097
:100FA0004375742053657269616C00000000000095
:100FB000436C6F73652054696D656F757400000034
:100FC0004572726F7220445243000000000000001E
:100FD00043757420445243000000000000000000EC
:100FE0004572726F7220524C5300000000000000E6
:100FF00043757420524C53000000000000000000B4
:10100000464C5420554E42000000000000000000F5
:101010005068617365204C6F73740000000000001D
:1010200050686173652052657665727365000000D3
:101030004F7665722043757272656E740000000011
:101040004C6F772043757272656E7400000000006B
:10105000536166657479204369722043757400009A
:101060004572726F7220555241000000000000006E
:101070004572726F722046544F000000000000005D
:101080004572722054726176656C20540000000035
:101090004572726F7220314346000000000000006C
:1010A0004572726F7220434633000000000000005A
:1010B0004C6F6E6754696D654C6576656C00000019
:1010C000464C54204452560000000000000000002E
:1010D000456E6420446F6F722054696D6500000096
:1010E00045727220536166657479203930000000C2
:1010F000437574203143462D434633000000000001
:101100002D2D2D00494E3100494E3200494E3300FD
:10111000494E3400494E3500494E3600494E37009D
:1011200048310000483200004833000048340000D5
:1011300048350000483600004837000048380000B5
:101140004839000048313000483131004831320020
:101150002D2D2D00434D3100434D3200504F3100B5
:10116000504F3200504F3300504F34005331000085
:101170005332000053330000533400005335000055
:101180005336000053370000533800005339000035
:1011900053313000533131004831000048320000F3
:1011A000483300004834000048350000483600004D
:1011B0004837000048380000483900004831300006
:1011C00048313100483132002D2D2D004346330087
:1011D0003143460043414E0043413100494E310006
:1011E000494E3200494E3300494E3400494E3500D5
:1011F000494E3600483100004832000048330000B4
:1012000048340000483500004836000048370000E8
:10121000483800004839000048313000483131007A
:10122000483132002D2D2D004F2B2D00504F310015
:10123000504F3200504F3300504F34004F43310075
:101240004F4332004F4333004F4334004F43350088
:101250004F4336004F4337005331000053320000F4
:101260005333000053340000533500005336000060
:101270005337000053380000533900005331300019
:10128000533131004831000048320000483300003B
:101290004834000048350000483600004837000058
:1012A00048380000483900004831300048313100EA
:1012B000483132002D2D2D00483100004832000009
:1012C000483300004834000048350000483600002C
:1012D00048370000483800004839000048313000E5
:1012E00048313100483132004E4F00004E4300007B
:1012F0004F564C00000046554C00000046414E0041
:10130000000050484331000050484332000050482C
:1013100043330000444F31000000444F32000000CE
:10132000444F330000004443000000005245533155
:1013300000005245533200005245533300005245DD
:1013400053340000524553350000434C4F53453150
:1013500000434C4F53453200434C4F534533004FED
:1013600050454E3100004F50454E3200004F504521
:101370004E33000046414E000000004F564C4F00D7
:10138000000047414E470000004156410000000068
:10139000524553310000005245533200000052457F
:1013A000533300000052455334000000524553357A
:1013B0000000004346330000003143460000004374
:1013C000414E00000043413100000049464E0000FC
:1013D00000494631000000464C54445200524C53E0
:1013E0000000004452430000004649524500004FAF
:1013F000564C00000046554C00000052454C5550DC
:101400000052454C444E005A41444F000052656121
:101410006479005245533200005245533300005264
:1014200045533400005245533500004D55500000DF
:101430000000004D444E00000000004D56300000FA
:101440000000004D563100000000004D56320000F3
:10145000000000544300000000000053542E444C90
:10146000000000555241000000000046414E0000BF
:10147000000000454E4F555400000052454C415964
:101480000000005550534F555400005550535245DD
:1014900046000041444F4F555400003143464F55DC
:1014A0005400004452562E525354004552530000EB
:1014B000000000454E520000000000524553340029
:1014C0000000005245533500000000434C4F534587
:1014D000310000434C4F5345320000434C4F5345BD
:1014E000330000434C4F5345340000434C4F5345A9
:1014F0003500003F303132333435363738394750D4
:101500007262484546644C4143792D3F3031323355
:1015100034353637383947504272616263646566E4
:1015200067682D52410000524200005243000052B1
:10153000440000524500005246000052470000554A
:10154000500000444E00004C4100004C4200004C52
:101550004300004C4400004C4500004C4600004C49
:101560004700003F3F3F0000004C31200000004C8E
:1015700032200000004C33200000004C34200000DA
:10158000004C35200000004C36200000004C372075
:101590000000004C38200000004C39200000004CB6
:1015A00031300000004C31310000004C313200007D
:1015B000004C31330000004C31340000004C313518
:1015C0000000004C31360000004C31370000004C68
:1015D00031380000004C31390000004C323000003E
:1015E000004C32310000004C32320000004C3233EB
:1015F0000000004C323400000047726E0000004CC6
:101600006162690000526F6F660000506F6F6C007E
:101610000050617220000050617231000050617210
:101620003200004220200000004231200000004231
:1016300032200000004C32350000004C32360000F1
:10164000004C32370000004C32380000004C323978
:101650000000004C33300000004C33310000004CDF
:1016600033320000004C33330000004C33340000B0
:10167000004C33350000004C33360000004C33374B
:101680000000004C33380000004C33390000004C9F
:1016900034300000004C34310000004C3432000083
:1016A000004C34330000004C34340000004C34351E
:1016B0000000004C34360000004C34370000004C71
:1016C00034380000004C34390000004C3530000044
:1016D0000054723100000054723200000054723322
:1016E00000000054723400000054723500000054B1
:1016F0007236000000547237000000547238000047
:1017000000547239000000547231300000547231BC
:1017100031000054723132000054723133000054F1
:101720007231340000547231350000547231360089
:101730000054723137000054723138000054723155
:101740003900005472323000000000000000000038
:101750000000000000000000000000000000000089
:10176000000000008080C0C0C0E0E0F0F0F0F0F0C9
:10177000F0F0F00000F0F0F0F0F0F00000000000F9
:101780000000000000000000000000000000000059
:101790000000000000000000000000000000000049
:1017A000000000000000000000000000808080C0F9
:1017B000C0E0E0E000E0E0E0C000FFFFFFFFFFFF6F
:1017C000FFFFFFFFFF070303010000FFFFFFFFFF15
:1017D000FF0000C0C0E0E0E0F0F0F8F8FCFCFCFE28
:1017E000FE00FEFEFCFCFCF8F8000000000000001B
:1017F00000000000000000000000000000FCFEFEF1
:10180000FFFFFFFFFFFF7F7F3F3F00FFFFFFFF0066
:10181000FFFFFFFFFFFFFFFFFFFFFF0000000000D3
:1018200000FFFFFFFFFFFF0000FFFFFFFFFFFFFFC5
:10183000FF0F0F0707030300FFFFFFFFFFFFFF007E
:101840000000000000000000000000000000000098
:10185000000000FFFFFFFFFFFFFFFF000000000090
:1018600000FFFFFFFF00FFFFFFFFFFFFFFFFFFFF86
:10187000FF000000000000FFFFFFFFFFFF0000FF70
:10188000FFFFFFFFFFFFFF00000000000000FFFF61
:10189000FFFFFFFFFF00000000000000000000004D
:1018A0000000D0D0D0D0D0D0D0D7D7D7D7D7D7D7A7
:1018B000D79090101010101717171790DFDFDFDF89
:1018C000DFDF9F1F5FDFDFC0C0C08000001F1F1F62
:1018D0001F1F1F0080DFDFDFDFDFDF1F1FD0D0D043
:1018E000D0D0101017979797D7D7D7D0D0D0D0D0C7
:1018F000D0D0D0D000000000FFFFFFFFFF7171715A
:10190000F1F1F1F1F1FF3F3F3F000000C0E0F0FCDA
:10191000FEFF7F3F8F8F3F7FFFFEFCF9E3CF1F7FEE
:10192000FFFFFCF9F3C7C7F1FCFEFF7F3F1F070372
:10193000000000FFFFFFFFFF00001F3F3F3F3F3F52
:101940003131313131F1F1F1F1F1E0000000C7E75F
:1019500067676760600000010307C7E76767666045
:10196000E0C7070707070301E0E3636363E0C10320
:1019700007070707076624E1E7E727670707070365
:1019800001E0E02020E0C000000707070707C0E0F3
:1019900066666666E6C6060606060607E7E7070702
:1019A000030000000307060606060600000000000C
:1019B00003070606060607030000000000000707ED
:1019C00000000007070000000000000000070707F4
:1019D00000000000000000070701010306040000EA
:1019E00000000000030706060606070300000000CB
:1019F0000000070706060606000000007B000C003A
:101A0000000000020100000000003C0000030A008A
:101A100005050007080002050000000000001E0880
:101A2000000A001E060A000806000A000100000065
:101A300000000000000000000000001400140B0271
:101A4000030405060901020304050000000000006C
:101A50000000000000000000000000000000000086
:101A60000000000000000000000000000000000076
:101A70000000000000000000000000000000000066
:101A80000000000000000000000000000000000056
:101A90000000000000000000000000000000000046
:101AA0000000000000000000000000000000000036
:101AB0000000000000000000000000000000000026
:101AC0000000000000010203040000000700000005
:101AD0000000000000000000000000000000000006
:101AE00000000000000000000000000000000000F6
:101AF00000000000000000060708090A00000000BE
:101B000000000000000100000000000000000000D4
:101B100000000000000000000000000000000000C5
:101B20000000000000000000000102030405060799
:101B300008090A0B0C000000000000000000000073
:101B40000000000000000000000000000000000095
:101B500000000000000000000000000D0E0F10113A
:101B60001213141500000000000000000000000027
:101B70000000000000000000000000000000000065
:101B80000000000000000000000000000000000055
:101B90000000000100000000000000000000000044
:101BA0000000000000000000000000000000000035
:101BB0000000000000000000000000000000000025
:101BC0000000000000000000000000000000000015
:101BD0000000000000000000000000000000000005
:101BE00000000000000000000000000000000000F5
:101BF00000000000000000020000000000000000E3
:101C000000000000000000000000000000000000D4
:101C100000000000000000000000000000000000C4
:101C200000000001000000000000000000000000B3
:101C300000000000000000000000000000000000A4
:101C40000000000000000000000000000000000094
:101C500000000000000102030405060708090A0B42
:101C60000C00000000000000000000000000000068
:101C70000000000000000000000000000000000064
:101C8000000000000000000708090A0B0C0D0E0FF1
:101C90000000000000000000000000000000000044
:101CA0000000000000000000000000000000000034
:101CB0000000000000000000000000000000000024
:101CC0000000000000000000000000000000000014
:101CD0000000000000000000000000000000000004
:101CE00000000000000000000000000000000000F4
:101CF00000000000000000000000000000000000E4
:101D000000000000000000000000000000000000D3
:101D100000000000000000000000000000000000C3
:101D200000000000000000000000000000000000B3
:101D300000000000000000000000000000000000A3
:101D40000000000000000000000000000000000093
:101D50000000000000000000000000000000000083
:101D6000000002020000000000000000000000006F
:101D70000000000000000000000000000000000063
:101D80000000000000000000000000000000000053
:101D90000000000000000000000000000000000043
:101DA00000000000000000000B0203040506070805
:101DB000090A01020000000000000000000000000D
:101DC0000000000000000000000000000000000013
:101DD0000000000000000000000000000000000003
:101DE00000000000000000000000000000000000F3
:101DF00000000000000000001901020304050607AE
:101E000008090A0B000000000000000000000000AC
:101E100000000000000000000000000000000000C2
:101E200000000000000000000000000000000000B2
:101E300000000000000000000000000000000000A2
:101E40000000000000000000020202020202020282
:101E5000020202020000000000000000000000007A
:101E60000000000000000000000000000000000072
:101E70000000000000000000000000000000000062
:101E80000000000000000000000000000000000052
:101E90000000000000000000020202020202020232
:101EA000020202020000000000000000000000002A
:101EB0000000000000000000000000000000000022
:101EC0000000000000000000000000000000000012
:101ED0000000000000000000000000000000000002
:101EE00000000000000000000303030303030303DA
:101EF00003030303000000000000000000000000D6
:101F000000000000000000000000000000000000D1
:101F100000000000000000000000000000000000C1
:101F200000000000000000000000000000000000B1
:101F300000000000000000000000000000000000A1
:101F40000000000000000000000000000000000091
:101F50000000000000000000000000000000000081
:101F60000000000000000000000000000000000071
:101F70000000000000000000000000000000000061
:101F80000000000000000000010101010101010149
:101F9000010101010000000000000000000000003D
:101FA0000000000000000000000000000000000031
:101FB0000000000000000000000000000000000021
:101FC0000000000000000000000000000000000011
:101FD00000000000000000000002040705000000EF
:101FE00000000000000000000000000000000000F1
:101FF00000000000000000000000000000000000E1
:1020000000000000000000000000000000000000D0
:1020100000000000000000000000000000000000C0
:1020200000000000000000000000000000000000B0
:1020300000000000000000000000000000000000A0
:102040000000000000000000000000000000000090
:102050000000000000000000000000000000000080
:102060000000000000000000000000000000000070
:102070000000000000000000000000000000000060
:102080000000000000000000000000000000000050
:102090000000000000000000000000000000000040
:1020A0000000000000000000000000000000000030
:1020B0000000000000000000000000000000000020
:1020C0000000000000000000000000000000000010
:1020D0000000000000000000000000000000000000
:1020E00000000000000000000000000000000000F0
:1020F00000000000000000000000000000000000E0
:1021000000000000000000000000000000000000CF
:1021100000000000000000000000000000000000BF
:1021200000000000000000000000000000000000AF
:10213000000000000000000000000000000000009F
:10214000000000000000000000000000000000008F
:10215000000000000000000000000000000000007F
:10216000000000000000000000000000000000006F
:10217000000000000000000000000000000000005F
:10218000000000000000000000000000000000004F
:10219000000000000000000000000000000000003F
:1021A000000000000000000000000000000000002F
:1021B000000000000000000000000000000000001F
:1021C000000000000000000000000000000000000F
:1021D00000000000000000000000000000000000FF
:1021E00000000000000000000000000000000000EF
:1021F00000000000000000000000000000000000DF
:1022000000000000000000000000000000000000CE
:1022100000000000000000000000000000000000BE
:1022200000000000000000000000000000000000AE
:10223000000000000000000000000000000000009E
:10224000000000000000000000000000000000008E
:10225000000000000000000000000000000000007E
:10226000000000000000000000000000000000006E
:10227000000000000000000000000000000000005E
:10228000000000000000000000000000000000004E
:10229000000000000000000000000000000000003E
:1022A000000000000000000000000000000000002E
:1022B000000000000000000000000000000000001E
:1022C000000000000000000000000000000000000E
:1022D00000000000000000000000000000000000FE
:1022E00000000000000000000000000000000000EE
:1022F00000000000000000000000000000000000DE
:1023000000000000000000000000000000000000CD
:1023100000000000000000000000000000000000BD
:1023200000000000000000000000000000000000AD
:10233000000000000000000000000000000000009D
:10234000000000000000000000000000000000008D
:10235000000000000000000000000000000000007D
:10236000000000000000000000000000000000006D
:10237000000000000000000000000000000000005D
:10238000000000000000000000000000000000004D
:10239000000000000000000000000000000000003D
:1023A000000000000000000000000000000000002D
:1023B000000000000000000000000000000000001D
:1023C000000000000000000000000000000000000D
:1023D00000000000000000000000000000000000FD
:1023E00000000000000000000000000000000000ED
:1023F00000000000000000000000000000000000DD
:1024000000000000000000000000000000000000CC
:1024100000000000000000000000000000000000BC
:1024200000000000000000000000000000000000AC
:10243000000000000000000000000000000000009C
:10244000000000000000000000000000000000008C
:10245000000000000000000000000000000000007C
:10246000000000000000000000000000000000006C
:10247000000000000000000000000000000000005C
:10248000000000000000000000000000000000004C
:10249000000000000000000000000000000000003C
:1024A000000000000000000000000000000000002C
:1024B000000000000000000000000000000000001C
:1024C000000000000000000000000000000000000C
:1024D00000000000000000000000000000000000FC
:1024E00000000000000000000000000000000000EC
:1024F00000000000000000000000000000000000DC
:1025000000000000000000000000000000000000CB
:1025100000000000000000000000000000000000BB
:1025200000000000000000000000000000000000AB
:10253000000000000000000000000000000000009B
:10254000000000000000000000000000000000008B
:10255000000000000000000000000000000000007B
:10256000000000000000000000000000000000006B
:10257000000000000000000000000000000000005B
:10258000000000000000000000000000000000004B
:10259000000000000000000000000000000000003B
:1025A000000000000000000000000000000000002B
:1025B000000000000000000000000000000000001B
:1025C000000000000000000000000000000000000B
:1025D00000000000000000000000000000000000FB
:1025E00000000000000000000000000000000000EB
:1025F00000000000000000000000000000000000DB
:1026000000000000000000000000000000000000CA
:1026100000000000000000000000000000000000BA
:1026200000000000000000000000000000000000AA
:10263000000000000000000000000000000000009A
:10264000000000000000000000000000000000008A
:10265000000000000000000000000000000000007A
:10266000000000000000000000000000000000006A
:10267000000000000000000000000000000000005A
:10268000000000000000000000000000000000004A
:10269000000000000000000000000000000000003A
:1026A000000000000000000000000000000000002A
:1026B000000000000000000000000000000000001A
:1026C000000000000000000000000000000000000A
:1026D00000000000000000000000000000000000FA
:1026E00000000000000000000000000000000000EA
:1026F00000000000000000000000000000000000DA
:1027000000000000000000000000000000000000C9
:1027100000000000000000000000000000000000B9
:1027200000000000000000000000000000000000A9
:102730000000000000000000000000000000000099
:102740000000000000000000000000000000000089
:102750000000000000000000000000000000000079
:102760000000000000000000000000000000000069
:102770000000000000000000000000000000000059
:102780000000000000000000000000000000000049
:102790000000000000000000000000000000000732
:1027A00008000200000006000802030507000906F1
:1027B000040153544F50000000000000534C4F5789
:1027C000000000000000524556000000000000001C
:1027D0004D454449554D000000004641535400000A
:1027E00000000000464F5243450000000000040076
:1027F00000000000000000000000000000000000D9
:102800000000000000000002FE06FE0600000000BE
:1028100000000000000000000000000000000000B8
:10282000031E0000001E0000000000000000000069
:10283000000000000000000000069000F0079E006D
:102840009007FE0090000000000000000000000063
:1028500000000618063E04630C6204C203800300F5
:1028600000000000000000000000000A3C004200E0
:1028700042043C03C0003000CC0322042004C00307
:1028800000000000088003C0035C046204F2041C22
:10289000038007C0040000000000000000021800D0
:1028A0000600000000000000000000000000000022
:1028B00000000000000003F80706180210000000E6
:1028C0000000000000000000000000000000000305
:1028D00002100618F80700000000000000000000C9
:1028E00000000000000000000508003E0008003E57
:1028F00000080000000000000000000000000000D0
:102900000007800080008000F007800080008000C9
:1029100000000000000000000000030010000E0096
:1029200002000000000000000000000000000000A5
:102930000000000480008000800080000000000093
:10294000000000000000000000000000020006007F
:102950000600000000000000000000000000000071
:1029600000000000000500080007E0001C00020055
:10297000000000000000000000000000000007F060
:1029800000FC03060602040606FC03F0000000003B
:10299000000000000000000404000200FE03FE0727
:1029A0000000000000000000000000000000000027
:1029B00006040402068205C2047E041C0400000012
:1029C00000000000000000000007040002062204CE
:1029D00022047E04CC0380010000000000000000FF
:1029E000000007C000E00098008400FE07FE07809A
:1029F00000000000000000000000000620043E046B
:102A000022042204C2038201000000000000000032
:102A10000000000007E001F8032C0426042204E271
:102A200003C00100000000000000000000060200DA
:102A30000206C20772001E0006000000000000002F
:102A4000000000000000078003DC035E0422046233
:102A500004DE038C030000000000000000000007FB
:102A600038007C04420442064203FC017800000066
:102A700000000000000000000230063006000000E8
:102A80000000000000000000000000000000000046
:102A900000030010301E30020000000000000000A3
:102AA0000000000000000000000007C000C000207F
:102AB00001200110021002080400000000000000C4
:102AC0000000000820012001200120012001200138
:102AD0002001200100000000000000000708041091
:102AE00002100220012001C000C000000000000010
:102AF0000000000000040200C2063E000C000000BE
:102B0000000000000000000000000000000009C0FC
:102B1000073008881B44122411E4132C0A0803F020
:102B200000000000000000080006C007F800860052
:102B30008600F800C007000600000000000000004A
:102B400006FE07FE0722042204DE038C03000000B9
:102B500000000000000000000007F000FC03040279
:102B6000020402040204020400000000000000004D
:102B7000000008FE07FE070204020402040402FC2F
:102B800003F000000000000000000006FE07FE0742
:102B900022042204220402040000000000000000BD
:102BA0000000000006FE07FE07420042004200024D
:102BB0000000000000000000000000000008F0001D
:102BC000F8030C02020402044204C207C207000018
:102BD00000000000000007FE07FE07200020002084
:102BE00000FE07FE070000000000000000000002D9
:102BF000FE07FE07000000000000000000000000CB
:102C0000000000000000000005000400040004FEB5
:102C100007FE0300000000000000000000000000AC
:102C20000007FE07FE072000F8008C0106070204DB
:102C30000000000000000000000006FE07FE070084
:102C40000400040004000400000000000000000074
:102C50000000000AE007FE070600F8008007800772
:102C6000F8000600FE07E0070000000007FE07FE70
:102C7000070C00F0000003FE07FE07000000000044
:102C8000000000000009F000FC030402020402043A
:102C900002040402FC03F00000000000000006FE35
:102CA00007FE07420042003C001800000000000040
:102CB0000000000000000009F000FC030402020410
:102CC00002040204040AFC0BF008000000000000EB
:102CD00006FE07FE074200C200BE071C06000000F9
:102CE000000000000000000000071C063C04320445
:102CF00062046204C20380030000000000000000C0
:102D0000000008020002000200FE07FE07020002A7
:102D1000000200000000000000000007FE01FE03AA
:102D2000000400040004FE03FE0100000000000097
:102D3000000000000804003E00F00100070007F05A
:102D4000013E00040000000000000000000C020032
:102D50007E00E0030004F0031E001E00F0030004E8
:102D6000E0037E0002000702040E07F8016000F88D
:102D7000010E07020400000000000000000000082F
:102D800002000E003800E007E00738000E000200E5
:102D900000000000000000000700040207C205F266
:102DA000043A040E040204000000000000000000C9
:102DB0000002FE1F021000000000000000000000E2
:102DC000000000000000000000000502001C00E000
:102DD00000000700080000000000000000000000E4
:102DE000000000020210FE1F0000000000000000B2
:102DF000000000000000000000000000070001E0EB
:102E000000180004001800E00000010000000000AD
:102E1000000000000007001000100010001000105B
:102E20000010001000000000000000000000021868
:102E3000000600000000000000000000000000008C
:102E4000000000000000000600039007500450043A
:102E5000F007E00700000000000000000000000094
:102E600007FE07FE07100410041004E003C0010071
:102E700000000000000000000006C001E003300672
:102E80001004100410040000000000000000000006
:102E9000000007C001E003300410041004FE07FE28
:102EA000070000000000000000000007C001E00370
:102EB000900490049004E004C000000000000000B2
:102EC00000000000051000FC07FE071200020000D1
:102ED0000000000000000000000000000007E0000B
:102EE000F019181208120812F80FF8070000000075
:102EF00000000000000006FE07FE0710001000F0B2
:102F000007E00700000000000000000000000002D1
:102F1000F407F407000000000000000000000000BB
:102F20000000000000000000030004FA07FA03009C
:102F30000000000000000000000000000000000091
:102F40000006FE07FE07C000E00130071004000085
:102F50000000000000000000000002FE07FE070065
:102F60000000000000000000000000000000000061
:102F70000000000AF007F00710001000F007E0075B
:102F800010001000F007E0070000000006F007F056
:102F90000710001000F007E007000000000000002C
:102FA000000000000007C001E0031004100410043A
:102FB000E003C0010000000000000000000007F076
:102FC0003FF03F100410041004E003C001000000B3
:102FD0000000000000000007C001E003100410041E
:102FE0001004F03FF03F000000000000000000006F
:102FF00005F007F0071000100010000000000000AE
:10300000000000000000000000056004F0049004CF
:103010009007100300000000000000000000000006
:103020000000051000F803FC071004100000000069
:10303000000000000000000000000006F003F007A0
:1030400000040004F007F00700000000000000008A
:1030500000000000071000F000800300048003F06F
:10306000001000000000000000000000000A300016
:10307000F0010006C00770007000C0070006F001F4
:103080003000000000000610043006C001C001300E
:10309000061004000000000000000000000000070F
:1030A00010007030C01B000EC003F00010000000C4
:1030B000000000000000000006100410079005D07A
:1030C0000470041004000000000000000000000074
:1030D00000034000BC0F02100000000000000000D0
:1030E0000000000000000000000001FF7F00000061
:1030F00000000000000000000000000000000000D0
:10310000000000030210BC0F40000000000000009F
:1031100000000000000000000000000007800040E8
:10312000004000800080008000C00000000000001F
:10313000000000000003FC0F0408FC0F000000006A
:103140000000000000000000000000000000393016
:103150003A25752C37313A25752C36363A25752C9B
:1031600036393A25752C36383A25752C313130549C
:103170006F32343A25750D0A004552524F52205B8A
:1031800025752F25755D3A00506861736520523AA8
:10319000202575205600506861736520533A20251C
:1031A00075205600506861736520543A20257520BB
:1031B000560044433A252E3166562C252E3166564C
:1031C000004931203A2025752041202025730049EF
:1031D00032203A2025752041202025730046544F87
:1031E000203A202575004850393A202575202C4872
:1031F0005031303A2025750039303A202575202C81
:1032000037313A20257500485031313A2025752054
:103210002C485031323A202575004350313A202550
:1032200075202C4350323A202575004850313A2001
:103230002575202C4850323A2025750048503133EE
:103240003A202575202C485031343A202575004805
:1032500050333A202575202C4850343A20257500EB
:10326000485031353A202575202C485031363A20C7
:103270002575004850353A202575202C4850363A9F
:103280002025750036383A202575004850373A20F9
:103290002575202C4850383A2025750036363A20BE
:1032A0002575202C36393A20257500524C533A208A
:1032B000257520202C4452433A202575004649525A
:1032C000453A202575004346333A20257520202CA9
:1032D0003143463A202575004341313A2025752077
:1032E000202C43414E3A202575004946313A20258D
:1032F0007520202C49464E3A202575005B25752CFB
:1033000025755D2C25752C257500446C3A25752C8A
:1033100025752C46544F3A25750025752F253032DA
:10332000752F2530327500256400252E3266005039
:10333000422575002C2261722564223A22256422DE
:103340002C2261642564223A222564222C226461A5
:103350002564223A22256422000000002F2F2F2FFF
:103360002F2F2F2F2F2F2F2F2F2F2020535441520D
:103370005420202F2F2F2F2F2F2F2F2F2F2F2F2F56
:103380000D0A00000D0A0D0A2F2F2F2F2F2F2F2F80
:103390002F2F2F2F2F2F2F2F2F2F2F2F2F2F2F2F3D
:1033A0002F2F2F2F2F2F2F2F2F2F2F2F0D0A0000D2
:1033B000426F617264206973206C6F636B65642176
:1033C0000000000010350108000000204008000047
:1033D000C40100084839010840080020286700009F
:1033E000280200081C00000043000000F8FFFFFF57
:1033F0000C0000000E0000000F0000002E00000076
:103400001001000043000000F8FFFFFF00404040B3
:1034100040404040404041414141414040404040A7
:103420004040404040404040404040404005020253
:103430000202020202020202020202020220202012
:10344000202020202020200202020202020290906E
:10345000909090901010101010101010101010106C
:1034600010101010101010100202020202028888C0
:1034700088888888080808080808080808080808CC
:1034800008080808080808080202020240000000B4
:10349000000000000000000000000000000000002C
:1034A000000000000000000000000000000000001C
:1034B000000000000000000000000000000000000C
:1034C00000000000000000000000000000000000FC
:1034D00000000000000000000000000000000000EC
:1034E00000000000000000000000000000000000DC
:1034F00000000000000000000000000000000000CC
:1035000000000000000000000000000000000000BB
:10351000102B6666864058023201001122330101E9
:10352000456E61626C6500000054696D656F75746D
:103530000000416C6C20466C6F6F727316100C5556
:10354000702F446F776E2044656C23201679706568
:1035500020456C657661746F720000486172647713
:1035600061723D5200411018722053657474696E87
:10357000670000506861736520436F6E74726F3C22
:103580001004446F756852782C60120044697265AB
:103590006374696F6E000053706565641642738EC4
:1035A000719620054C6F61641E43363838433639B6
:1035B0006D10094E756D204F662044A7215C226F67
:1035C00079126C52510D21CD2167517F2220BA50C2
:1035D00008005365636F6E643430044F7065D653D2
:1035E0006179921004436C6FB0911252452C614C7A
:1035F00051227528517860055061726BD6173639A3
:10360000294008626F756E636572AFD2381121511F
:10361000217B815564046F6E6E0A45481151740612
:10362000616C6C656C4A71126167C00D0000525389
:103630003438352D44435033127004514D412475B4
:1036400044B56E21AF45DF75B5600420546FC612D6
:103650004629911E2404576169CD611255752005D4
:1036600053746F703C4408536572766963655D45B9
:1036700093164134200454616C4B74075472617684
:10368000656C8A624472492D1653148264D081910C
:1036900035DE1B4D6F61400520536166BF880448CD
:1036A00059445819145004616E640B35B9640761AC
:1036B0006C69627261431A4586540567656E63C61C
:1036C0006008314346204572725ED54B1406526144
:1036D000766973C3426E12D11E11E100081269614E
:1036E0006C204578742D6407496E70757473B690BC
:1036F000044F75740F411C651A511C510F300A504C
:103700007573682042757474B015544E724F03017E
:103710004554E273546C0544726976A40309104C55
:10372000450251EAF3504220D504F13055FD95DBB6
:103730000910C0500B536C656570204C6967684573
:103740001F0041FC03A37665130122481F43615902
:1037500003115B892A4C0A5374617274536C6F773E
:10376000A104310F8005466173740F29DD1DD50357
:103770005B7461563123311E510F336F700E1C097B
:10378000004D61696E20426FD40421693C07726369
:103790006F6465633C031F6179C6043C04756E74F5
:1037A000C20331712D13032F4C6FE4041C0B726F95
:1037B0006772616D20446174B5041E42F1047C049B
:1037C00064204FC9038C074A756D703120DF041CDB
:1037D000044346337A038A61B91110AD820459F665
:1037E0007130134163EE8A65DAC34465112F4C656D
:1037F00061031D34052674181DB905540A75746FCC
:10380000204C6561726E2F11702C0553656E73EF3D
:10381000041D9D057D330323456EDD4D000410041A
:1038200047656E62790E40044164764C698F8C0561
:10383000666F726D5B038D52043DB50325694C06BE
:103840004F76657243D3032587810F3D5A04811E4D
:10385000164D5E3C0743757272656E3B054D1E0644
:103860001252C260047273650F30054661756C1E9A
:103870003C054F6E652040065D5C039E4E98051129
:103880000D7D92051C0600444F574EA506625080E0
:1038900019A02365766E3573290A2D62051D3C0536
:1038A00049703F444E6D041E75E2068116ED920389
:1038B000B200332404552F449B3C0A75736963207E
:1038C000566F6C75CE042DE304810E6C09005765AC
:1038D0006C636F6D6538051B4761206D8F0629335A
:1038E0002D2F0501169E175544061B6C653B498715
:1038F000D004005443112DC204ADA90645F8298413
:103900006D5C0519E884056E64627918C00455522F
:10391000413311529261205C0600003356465A052D
:10392000210E4A32A520094845564F53000002D4C3
:103930001EC049062004C04101815C0924F400E84E
:08394000030100109F030000C9
:040000050800018965
:00000001FF
